-- phpMyAdmin SQL Dump
-- version 5.1.3
-- https://www.phpmyadmin.net/
--
-- Hôte : 127.0.0.1
-- Généré le : jeu. 28 avr. 2022 à 12:01
-- Version du serveur : 10.4.24-MariaDB
-- Version de PHP : 7.4.28

SET SQL_MODE = "NO_AUTO_VALUE_ON_ZERO";
START TRANSACTION;
SET time_zone = "+00:00";


/*!40101 SET @OLD_CHARACTER_SET_CLIENT=@@CHARACTER_SET_CLIENT */;
/*!40101 SET @OLD_CHARACTER_SET_RESULTS=@@CHARACTER_SET_RESULTS */;
/*!40101 SET @OLD_COLLATION_CONNECTION=@@COLLATION_CONNECTION */;
/*!40101 SET NAMES utf8mb4 */;

--
-- Base de données : `ecommerce`
--

-- --------------------------------------------------------

--
-- Structure de la table `categorie`
--

CREATE TABLE `categorie` (
  `id_categorie` int(11) UNSIGNED NOT NULL,
  `nom_categorie` varchar(255) COLLATE utf8_unicode_ci NOT NULL
) ENGINE=InnoDB DEFAULT CHARSET=utf8 COLLATE=utf8_unicode_ci;

--
-- Déchargement des données de la table `categorie`
--

INSERT INTO `categorie` (`id_categorie`, `nom_categorie`) VALUES
(1, 'Cheese - Havarti, Salsa'),
(2, 'Seaweed Green Sheets'),
(3, 'Bread - Crumbs, Bulk'),
(4, 'Turnip - Mini'),
(5, 'Flour - Strong Pizza'),
(6, 'Pepper - Red Thai'),
(7, 'Ice Cream Bar - Drumstick'),
(8, 'Curry Powder Madras'),
(9, 'Flower - Potmums'),
(10, 'Pepper - Paprika, Hungarian'),
(11, 'Wine - Piper Heidsieck Brut'),
(12, 'Lamb Rack - Ontario'),
(13, 'Wine - White, French Cross'),
(14, 'Shrimp - Black Tiger 8 - 12'),
(15, 'Wine - Coteaux Du Tricastin Ac'),
(16, 'Lamb - Leg, Bone In'),
(17, 'Yokaline'),
(18, 'Sprouts - Pea'),
(19, 'Hold Up Tool Storage Rack'),
(20, 'Bay Leaf'),
(21, 'Munchies Honey Sweet Trail Mix'),
(22, 'Spice - Montreal Steak Spice'),
(23, 'Wine - Saint Emilion Calvet'),
(24, 'Pails With Lids'),
(25, 'Wine - Manischewitz Concord'),
(26, 'Bag Clear 10 Lb'),
(27, 'Tuna - Fresh'),
(28, 'Dasheen'),
(29, 'Chinese Foods - Plain Fried Rice'),
(30, 'Lady Fingers'),
(31, 'Ginger - Pickled'),
(32, 'Bread - Raisin Walnut Oval'),
(33, 'Beans - Wax'),
(34, 'Soup Campbells - Italian Wedding'),
(35, 'Soup - Base Broth Beef'),
(36, 'Red Snapper - Fresh, Whole'),
(37, 'Sprite, Diet - 355ml'),
(38, 'Lamb - Loin, Trimmed, Boneless'),
(39, 'Bread - Crusty Italian Poly'),
(40, 'Clams - Canned'),
(41, 'Beef - Cooked, Corned'),
(42, 'Myers Planters Punch'),
(43, 'Mustard - Dijon'),
(44, 'Cheese - Wine'),
(45, 'Creme De Menth - White'),
(46, 'Tea - Black Currant'),
(47, 'Sherry - Dry'),
(48, 'Sugar - Sweet N Low, Individual'),
(49, 'Butter - Salted'),
(50, 'Melon - Honey Dew'),
(51, 'Mussels - Frozen'),
(52, 'Puree - Strawberry'),
(53, 'Crackers - Melba Toast'),
(54, 'Bagel - Sesame Seed Presliced'),
(55, 'Cookie Dough - Peanut Butter'),
(56, 'Creme De Cacao White'),
(57, 'Oil - Safflower'),
(58, 'Muffin Mix - Corn Harvest'),
(59, 'Dasheen'),
(60, 'Milk - Homo'),
(61, 'Apple - Royal Gala'),
(62, 'Wine - Pinot Grigio Collavini'),
(63, 'Bread - Flat Bread'),
(64, 'Bread - Pullman, Sliced'),
(65, 'Soup Campbells - Italian Wedding'),
(66, 'Danishes - Mini Cheese'),
(67, 'Wine - Magnotta - Bel Paese White'),
(68, 'Cheese Cloth No 60'),
(69, 'Yeast - Fresh, Fleischman'),
(70, 'Shrimp - 16/20, Peeled Deviened'),
(71, 'Beef - Cooked, Corned'),
(72, 'Cheese - Ricotta'),
(73, 'Cheese - Gouda Smoked'),
(74, 'Veal - Bones'),
(75, 'Tarragon - Fresh'),
(76, 'Rice Wine - Aji Mirin'),
(77, 'Pineapple - Regular'),
(78, 'Coffee - Irish Cream'),
(79, 'Greens Mustard'),
(80, 'Octopus'),
(81, 'Sprouts - Brussel'),
(82, 'Veal - Sweetbread'),
(83, 'Mayonnaise - Individual Pkg'),
(84, 'Magnotta Bel Paese Red'),
(85, 'Island Oasis - Mango Daiquiri'),
(86, 'Gatorade - Cool Blue Raspberry'),
(87, 'Garlic Powder'),
(88, 'Wine - Jaboulet Cotes Du Rhone'),
(89, 'Wine - Pinot Noir Pond Haddock'),
(90, 'Ecolab - Solid Fusion'),
(91, 'Blue Curacao - Marie Brizard'),
(92, 'Table Cloth 54x72 Colour'),
(93, 'Prunes - Pitted'),
(94, 'Veal - Chops, Split, Frenched'),
(95, 'Fenngreek Seed'),
(96, 'Nantuket Peach Orange'),
(97, 'Cheese Cheddar Processed'),
(98, 'Anchovy In Oil'),
(99, 'Smoked Paprika'),
(100, 'Spice - Chili Powder Mexican');

-- --------------------------------------------------------

--
-- Structure de la table `categorie_produit`
--

CREATE TABLE `categorie_produit` (
  `id_categorie_produit` int(11) UNSIGNED NOT NULL,
  `fk_id_categorie` int(11) UNSIGNED NOT NULL,
  `fk_id_produit` int(11) UNSIGNED NOT NULL
) ENGINE=InnoDB DEFAULT CHARSET=utf8 COLLATE=utf8_unicode_ci;

--
-- Déchargement des données de la table `categorie_produit`
--

INSERT INTO `categorie_produit` (`id_categorie_produit`, `fk_id_categorie`, `fk_id_produit`) VALUES
(1, 1, 1),
(2, 2, 2),
(3, 3, 3),
(4, 4, 4),
(5, 5, 5),
(6, 6, 6),
(7, 7, 7),
(8, 8, 8),
(9, 9, 9),
(10, 10, 10),
(11, 11, 11),
(12, 12, 12),
(13, 13, 13),
(14, 14, 14),
(15, 15, 15),
(16, 16, 16),
(17, 17, 17),
(18, 18, 18),
(19, 19, 19),
(20, 20, 20),
(21, 21, 21),
(22, 22, 22),
(23, 23, 23),
(24, 24, 24),
(25, 25, 25),
(26, 26, 26),
(27, 27, 27),
(28, 28, 28),
(29, 29, 29),
(30, 30, 30),
(31, 31, 31),
(32, 32, 32),
(33, 33, 33),
(34, 34, 34),
(35, 35, 35),
(36, 36, 36),
(37, 37, 37),
(38, 38, 38),
(39, 39, 39),
(40, 40, 40),
(41, 41, 41),
(42, 42, 42),
(43, 43, 43),
(44, 44, 44),
(45, 45, 45),
(46, 46, 46),
(47, 47, 47),
(48, 48, 48),
(49, 49, 49),
(50, 50, 50),
(51, 51, 51),
(52, 52, 52),
(53, 53, 53),
(54, 54, 54),
(55, 55, 55),
(56, 56, 56),
(57, 57, 57),
(58, 58, 58),
(59, 59, 59),
(60, 60, 60),
(61, 61, 61),
(62, 62, 62),
(63, 63, 63),
(64, 64, 64),
(65, 65, 65),
(66, 66, 66),
(67, 67, 67),
(68, 68, 68),
(69, 69, 69),
(70, 70, 70),
(71, 71, 71),
(72, 72, 72),
(73, 73, 73),
(74, 74, 74),
(75, 75, 75),
(76, 76, 76),
(77, 77, 77),
(78, 78, 78),
(79, 79, 79),
(80, 80, 80),
(81, 81, 81),
(82, 82, 82),
(83, 83, 83),
(84, 84, 84),
(85, 85, 85),
(86, 86, 86),
(87, 87, 87),
(88, 88, 88),
(89, 89, 89),
(90, 90, 90),
(91, 91, 91),
(92, 92, 92),
(93, 93, 93),
(94, 94, 94),
(95, 95, 95),
(96, 96, 96),
(97, 97, 97),
(98, 98, 98),
(99, 99, 99),
(100, 100, 100);

-- --------------------------------------------------------

--
-- Structure de la table `client`
--

CREATE TABLE `client` (
  `id_client` int(11) UNSIGNED NOT NULL,
  `nom_client` varchar(255) COLLATE utf8_unicode_ci NOT NULL,
  `fk_id_compte` int(11) UNSIGNED NOT NULL,
  `fk_id_panier` int(11) UNSIGNED NOT NULL
) ENGINE=InnoDB DEFAULT CHARSET=utf8 COLLATE=utf8_unicode_ci;

--
-- Déchargement des données de la table `client`
--

INSERT INTO `client` (`id_client`, `nom_client`, `fk_id_compte`, `fk_id_panier`) VALUES
(1, 'Terra', 1, 1),
(2, 'Lara', 2, 2),
(3, 'Julianna', 3, 3),
(4, 'Teddie', 4, 4),
(5, 'Conni', 5, 5),
(6, 'Letitia', 6, 6),
(7, 'Tracy', 7, 7),
(8, 'Mariel', 8, 8),
(9, 'Rici', 9, 9),
(10, 'Leora', 10, 10),
(11, 'Suzette', 11, 11),
(12, 'Bree', 12, 12),
(13, 'Perry', 13, 13),
(14, 'Bellina', 14, 14),
(15, 'Darci', 15, 15),
(16, 'Daniele', 16, 16),
(17, 'Liana', 17, 17),
(18, 'Lark', 18, 18),
(19, 'Celie', 19, 19),
(20, 'Eryn', 20, 20),
(21, 'Danny', 21, 21),
(22, 'Kacy', 22, 22),
(23, 'Roxane', 23, 23),
(24, 'Marta', 24, 24),
(25, 'Clemmie', 25, 25),
(26, 'Lilas', 26, 26),
(27, 'Sybyl', 27, 27),
(28, 'Ingeberg', 28, 28),
(29, 'Cindi', 29, 29),
(30, 'Dredi', 30, 30),
(31, 'Nady', 31, 31),
(32, 'Lyda', 32, 32),
(33, 'Godiva', 33, 33),
(34, 'Aurelia', 34, 34),
(35, 'Dorthea', 35, 35),
(36, 'Barry', 36, 36),
(37, 'Amy', 37, 37),
(38, 'Janaya', 38, 38),
(39, 'Annabelle', 39, 39),
(40, 'Dora', 40, 40),
(41, 'Madelina', 41, 41),
(42, 'Laurella', 42, 42),
(43, 'Yalonda', 43, 43),
(44, 'Auroora', 44, 44),
(45, 'Shina', 45, 45),
(46, 'Ag', 46, 46),
(47, 'Josselyn', 47, 47),
(48, 'Lenee', 48, 48),
(49, 'Karlene', 49, 49),
(50, 'Karalynn', 50, 50),
(51, 'Margy', 51, 51),
(52, 'Jaquelyn', 52, 52),
(53, 'Marita', 53, 53),
(54, 'Bertha', 54, 54),
(55, 'Harlene', 55, 55),
(56, 'Astrid', 56, 56),
(57, 'Karrah', 57, 57),
(58, 'Ysabel', 58, 58),
(59, 'Arlee', 59, 59),
(60, 'Frank', 60, 60),
(61, 'Vannie', 61, 61),
(62, 'Catharina', 62, 62),
(63, 'Isadora', 63, 63),
(64, 'Karlen', 64, 64),
(65, 'Caitrin', 65, 65),
(66, 'Jacquelin', 66, 66),
(67, 'Vicky', 67, 67),
(68, 'Thomasine', 68, 68),
(69, 'Rici', 69, 69),
(70, 'Georgianna', 70, 70),
(71, 'Binni', 71, 71),
(72, 'Jorry', 72, 72),
(73, 'Salomi', 73, 73),
(74, 'Annelise', 74, 74),
(75, 'Glyn', 75, 75),
(76, 'Trixie', 76, 76),
(77, 'Verla', 77, 77),
(78, 'Karel', 78, 78),
(79, 'Trisha', 79, 79),
(80, 'Grier', 80, 80),
(81, 'Lauretta', 81, 81),
(82, 'Holly', 82, 82),
(83, 'Carolyne', 83, 83),
(84, 'Maris', 84, 84),
(85, 'Louella', 85, 85),
(86, 'Arda', 86, 86),
(87, 'Georgette', 87, 87),
(88, 'Ethel', 88, 88),
(89, 'Linea', 89, 89),
(90, 'Fleurette', 90, 90),
(91, 'Jan', 91, 91),
(92, 'Elyse', 92, 92),
(93, 'Vicki', 93, 93),
(94, 'Leslie', 94, 94),
(95, 'Teriann', 95, 95),
(96, 'Thomasa', 96, 96),
(97, 'Kathi', 97, 97),
(98, 'Bobbee', 98, 98),
(99, 'Libbi', 99, 99),
(100, 'Beth', 100, 100);

-- --------------------------------------------------------

--
-- Structure de la table `commande`
--

CREATE TABLE `commande` (
  `id_commande` int(11) UNSIGNED NOT NULL,
  `fk_id_client` int(11) UNSIGNED NOT NULL,
  `fk_id_transporteur` int(11) UNSIGNED NOT NULL,
  `fk_id_facture` int(11) UNSIGNED NOT NULL,
  `montant_commande` int(11) UNSIGNED NOT NULL
) ENGINE=InnoDB DEFAULT CHARSET=utf8 COLLATE=utf8_unicode_ci;

--
-- Déchargement des données de la table `commande`
--

INSERT INTO `commande` (`id_commande`, `fk_id_client`, `fk_id_transporteur`, `fk_id_facture`, `montant_commande`) VALUES
(1, 80, 2, 80, 45),
(2, 59, 2, 31, 57),
(3, 99, 1, 93, 19),
(4, 10, 2, 15, 55),
(5, 72, 1, 69, 55),
(6, 67, 1, 70, 79),
(7, 71, 2, 97, 95),
(8, 43, 1, 42, 42),
(9, 89, 1, 46, 82),
(10, 20, 2, 90, 84),
(11, 91, 2, 32, 45),
(12, 56, 2, 14, 50),
(13, 43, 2, 100, 100),
(14, 9, 2, 79, 24),
(15, 24, 2, 3, 97),
(16, 51, 2, 77, 10),
(17, 13, 2, 83, 25),
(18, 5, 1, 26, 98),
(19, 42, 2, 89, 57),
(20, 44, 2, 61, 79),
(21, 62, 1, 14, 36),
(22, 5, 2, 69, 36),
(23, 9, 2, 4, 82),
(24, 61, 2, 81, 89),
(25, 70, 2, 36, 90),
(26, 38, 1, 52, 61),
(27, 32, 1, 23, 28),
(28, 82, 1, 82, 78),
(29, 32, 2, 4, 78),
(30, 91, 2, 51, 2),
(31, 47, 2, 39, 64),
(32, 64, 1, 11, 90),
(33, 98, 1, 80, 62),
(34, 36, 2, 100, 46),
(35, 57, 2, 11, 77),
(36, 29, 1, 100, 5),
(37, 50, 2, 47, 85),
(38, 22, 1, 91, 92),
(39, 14, 2, 90, 41),
(40, 100, 2, 20, 4),
(41, 16, 2, 65, 14),
(42, 14, 1, 35, 58),
(43, 40, 2, 87, 25),
(44, 30, 2, 96, 27),
(45, 71, 1, 49, 49),
(46, 98, 2, 93, 66),
(47, 16, 1, 81, 27),
(48, 93, 2, 21, 15),
(49, 86, 2, 55, 66),
(50, 91, 2, 14, 52),
(51, 84, 1, 88, 92),
(52, 39, 2, 45, 32),
(53, 16, 1, 42, 55),
(54, 53, 2, 97, 19),
(55, 7, 1, 51, 84),
(56, 27, 2, 52, 35),
(57, 26, 1, 22, 43),
(58, 60, 1, 16, 30),
(59, 70, 2, 54, 53),
(60, 57, 2, 70, 12),
(61, 87, 2, 19, 46),
(62, 91, 1, 72, 2),
(63, 23, 2, 62, 52),
(64, 22, 2, 89, 42),
(65, 59, 1, 76, 48),
(66, 16, 1, 27, 58),
(67, 81, 2, 71, 59),
(68, 9, 2, 78, 70),
(69, 23, 1, 20, 17),
(70, 88, 1, 87, 77),
(71, 9, 1, 60, 47),
(72, 65, 2, 82, 9),
(73, 94, 2, 17, 67),
(74, 87, 1, 40, 10),
(75, 58, 2, 87, 13),
(76, 65, 1, 94, 76),
(77, 54, 2, 2, 57),
(78, 70, 1, 21, 98),
(79, 2, 1, 31, 64),
(80, 28, 2, 66, 8),
(81, 9, 2, 58, 92),
(82, 9, 2, 19, 92),
(83, 6, 1, 94, 14),
(84, 19, 2, 14, 76),
(85, 78, 1, 67, 89),
(86, 45, 1, 32, 39),
(87, 14, 1, 2, 8),
(88, 56, 1, 22, 54),
(89, 58, 1, 12, 36),
(90, 1, 1, 70, 82),
(91, 18, 2, 90, 66),
(92, 40, 2, 49, 62),
(93, 12, 2, 89, 9),
(94, 34, 2, 57, 62),
(95, 53, 1, 14, 1),
(96, 18, 1, 54, 88),
(97, 82, 2, 38, 62),
(98, 42, 1, 27, 76),
(99, 63, 2, 11, 90),
(100, 90, 1, 92, 78);

-- --------------------------------------------------------

--
-- Structure de la table `commande_produit`
--

CREATE TABLE `commande_produit` (
  `id_commande_produit` int(11) UNSIGNED NOT NULL,
  `fk_id_commande` int(11) UNSIGNED NOT NULL,
  `fk_id_produit` int(11) UNSIGNED NOT NULL
) ENGINE=InnoDB DEFAULT CHARSET=utf8 COLLATE=utf8_unicode_ci;

--
-- Déchargement des données de la table `commande_produit`
--

INSERT INTO `commande_produit` (`id_commande_produit`, `fk_id_commande`, `fk_id_produit`) VALUES
(1, 31, 98),
(2, 13, 38),
(3, 67, 88),
(4, 57, 76),
(5, 26, 8),
(6, 36, 19),
(7, 63, 29),
(8, 11, 65),
(9, 9, 61),
(10, 3, 93),
(11, 77, 33),
(12, 34, 58),
(13, 42, 5),
(14, 96, 80),
(15, 95, 19),
(16, 100, 20),
(17, 77, 49),
(18, 1, 83),
(19, 68, 41),
(20, 43, 73),
(21, 40, 72),
(22, 35, 10),
(23, 64, 51),
(24, 33, 58),
(25, 77, 46),
(26, 84, 79),
(27, 36, 22),
(28, 87, 95),
(29, 47, 97),
(30, 54, 36),
(31, 15, 95),
(32, 3, 34),
(33, 82, 93),
(34, 99, 45),
(35, 33, 78),
(36, 15, 85),
(37, 44, 16),
(38, 38, 46),
(39, 90, 38),
(40, 68, 26),
(41, 55, 42),
(42, 18, 32),
(43, 85, 53),
(44, 26, 63),
(45, 80, 80),
(46, 58, 10),
(47, 55, 34),
(48, 21, 81),
(49, 38, 49),
(50, 55, 48),
(51, 69, 94),
(52, 47, 71),
(53, 32, 19),
(54, 23, 85),
(55, 51, 13),
(56, 82, 66),
(57, 17, 39),
(58, 74, 1),
(59, 80, 72),
(60, 55, 59),
(61, 75, 96),
(62, 31, 49),
(63, 66, 21),
(64, 60, 49),
(65, 39, 52),
(66, 63, 66),
(67, 96, 21),
(68, 76, 92),
(69, 11, 94),
(70, 66, 33),
(71, 94, 98),
(72, 16, 71),
(73, 14, 78),
(74, 28, 82),
(75, 84, 33),
(76, 39, 11),
(77, 18, 76),
(78, 49, 85),
(79, 44, 79),
(80, 87, 22),
(81, 49, 18),
(82, 48, 23),
(83, 32, 63),
(84, 39, 58),
(85, 11, 30),
(86, 19, 31),
(87, 2, 29),
(88, 58, 72),
(89, 43, 20),
(90, 9, 64),
(91, 96, 27),
(92, 80, 43),
(93, 29, 11),
(94, 82, 43),
(95, 17, 55),
(96, 27, 12),
(97, 84, 97),
(98, 53, 63),
(99, 85, 72),
(100, 89, 96),
(101, 36, 66),
(102, 96, 73),
(103, 54, 83),
(104, 70, 37),
(105, 69, 44),
(106, 44, 82),
(107, 45, 94),
(108, 95, 100),
(109, 36, 64),
(110, 22, 20),
(111, 18, 50),
(112, 86, 34),
(113, 81, 15),
(114, 87, 13),
(115, 55, 100),
(116, 31, 33),
(117, 91, 9),
(118, 14, 29),
(119, 70, 10),
(120, 10, 22),
(121, 14, 72),
(122, 91, 34),
(123, 35, 96),
(124, 40, 30),
(125, 91, 22),
(126, 8, 95),
(127, 15, 78),
(128, 19, 65),
(129, 69, 83),
(130, 28, 19),
(131, 83, 62),
(132, 54, 35),
(133, 99, 72),
(134, 50, 94),
(135, 65, 57),
(136, 37, 93),
(137, 31, 31),
(138, 55, 75),
(139, 59, 50),
(140, 45, 89),
(141, 72, 31),
(142, 29, 82),
(143, 9, 21),
(144, 8, 94),
(145, 70, 27),
(146, 27, 98),
(147, 93, 8),
(148, 45, 12),
(149, 77, 76),
(150, 4, 34),
(151, 33, 88),
(152, 68, 49),
(153, 27, 28),
(154, 62, 37),
(155, 32, 27),
(156, 69, 49),
(157, 6, 23),
(158, 27, 1),
(159, 86, 46),
(160, 34, 98),
(161, 71, 33),
(162, 49, 81),
(163, 76, 24),
(164, 12, 24),
(165, 73, 85),
(166, 67, 98),
(167, 59, 19),
(168, 85, 63),
(169, 66, 61),
(170, 67, 81),
(171, 49, 68),
(172, 70, 14),
(173, 68, 67),
(174, 20, 37),
(175, 8, 45),
(176, 14, 82),
(177, 42, 60),
(178, 57, 47),
(179, 32, 18),
(180, 21, 67),
(181, 29, 14),
(182, 78, 46),
(183, 91, 77),
(184, 90, 23),
(185, 7, 70),
(186, 43, 24),
(187, 96, 25),
(188, 85, 73),
(189, 40, 59),
(190, 8, 65),
(191, 7, 16),
(192, 53, 26),
(193, 9, 64),
(194, 69, 27),
(195, 70, 31),
(196, 8, 55),
(197, 79, 26),
(198, 89, 11),
(199, 14, 96),
(200, 20, 47),
(201, 24, 28),
(202, 52, 13),
(203, 19, 84),
(204, 83, 35),
(205, 76, 85),
(206, 17, 79),
(207, 80, 22),
(208, 86, 52),
(209, 50, 18),
(210, 100, 42),
(211, 98, 68),
(212, 82, 87),
(213, 42, 98),
(214, 8, 93),
(215, 13, 32),
(216, 27, 65),
(217, 69, 17),
(218, 87, 90),
(219, 97, 97),
(220, 63, 18),
(221, 56, 50),
(222, 57, 91),
(223, 84, 95),
(224, 72, 83),
(225, 99, 35),
(226, 10, 27),
(227, 70, 64),
(228, 85, 2),
(229, 77, 87),
(230, 1, 91),
(231, 84, 72),
(232, 77, 66),
(233, 2, 45),
(234, 9, 28),
(235, 33, 60),
(236, 43, 72),
(237, 93, 28),
(238, 51, 52),
(239, 66, 21),
(240, 63, 86),
(241, 43, 18),
(242, 76, 78),
(243, 2, 56),
(244, 15, 6),
(245, 9, 51),
(246, 58, 21),
(247, 67, 27),
(248, 73, 8),
(249, 42, 76),
(250, 33, 60),
(251, 50, 47),
(252, 83, 36),
(253, 83, 99),
(254, 62, 64),
(255, 78, 43),
(256, 81, 53),
(257, 7, 13),
(258, 88, 34),
(259, 35, 54),
(260, 32, 72),
(261, 71, 81),
(262, 22, 13),
(263, 28, 88),
(264, 67, 67),
(265, 100, 75),
(266, 28, 57),
(267, 41, 33),
(268, 83, 37),
(269, 55, 89),
(270, 78, 25),
(271, 93, 18),
(272, 65, 87),
(273, 51, 18),
(274, 78, 66),
(275, 44, 90),
(276, 75, 50),
(277, 56, 83),
(278, 18, 10),
(279, 61, 16),
(280, 48, 5),
(281, 48, 89),
(282, 45, 82),
(283, 91, 59),
(284, 1, 92),
(285, 88, 5),
(286, 27, 12),
(287, 99, 98),
(288, 69, 56),
(289, 54, 95),
(290, 29, 22),
(291, 95, 36),
(292, 88, 5),
(293, 46, 61),
(294, 25, 16),
(295, 21, 44),
(296, 59, 47),
(297, 1, 95),
(298, 42, 58),
(299, 62, 16),
(300, 80, 32),
(301, 90, 16),
(302, 50, 73),
(303, 39, 3),
(304, 29, 81),
(305, 86, 77),
(306, 63, 28),
(307, 92, 47),
(308, 38, 19),
(309, 73, 22),
(310, 5, 13),
(311, 44, 79),
(312, 63, 5),
(313, 57, 86),
(314, 3, 99),
(315, 67, 87),
(316, 3, 73),
(317, 14, 22),
(318, 46, 94),
(319, 42, 12),
(320, 86, 96),
(321, 2, 62),
(322, 97, 40),
(323, 9, 15),
(324, 32, 17),
(325, 90, 24),
(326, 51, 46),
(327, 64, 56),
(328, 75, 83),
(329, 60, 35),
(330, 98, 63),
(331, 74, 5),
(332, 5, 75),
(333, 76, 9),
(334, 12, 94),
(335, 18, 94),
(336, 98, 81),
(337, 10, 70),
(338, 14, 53),
(339, 48, 45),
(340, 40, 49),
(341, 30, 73),
(342, 72, 15),
(343, 74, 3),
(344, 84, 31),
(345, 21, 53),
(346, 21, 47),
(347, 54, 29),
(348, 29, 47),
(349, 15, 31),
(350, 51, 78),
(351, 21, 70),
(352, 85, 62),
(353, 53, 7),
(354, 35, 72),
(355, 55, 75),
(356, 65, 45),
(357, 5, 38),
(358, 63, 36),
(359, 69, 14),
(360, 49, 24),
(361, 65, 75),
(362, 49, 61),
(363, 9, 9),
(364, 68, 13),
(365, 90, 58),
(366, 69, 16),
(367, 67, 27),
(368, 94, 9),
(369, 48, 47),
(370, 46, 62),
(371, 4, 41),
(372, 61, 84),
(373, 14, 10),
(374, 60, 99),
(375, 37, 52),
(376, 56, 56),
(377, 64, 99),
(378, 26, 94),
(379, 39, 75),
(380, 17, 48),
(381, 36, 61),
(382, 38, 19),
(383, 94, 80),
(384, 52, 35),
(385, 12, 63),
(386, 95, 5),
(387, 40, 19),
(388, 23, 47),
(389, 64, 50),
(390, 27, 58),
(391, 34, 36),
(392, 69, 6),
(393, 42, 32),
(394, 25, 18),
(395, 4, 8),
(396, 41, 61),
(397, 89, 66),
(398, 5, 53),
(399, 67, 27),
(400, 44, 33),
(401, 92, 57),
(402, 74, 97),
(403, 31, 61),
(404, 3, 56),
(405, 93, 55),
(406, 64, 97),
(407, 41, 25),
(408, 98, 21),
(409, 85, 65),
(410, 82, 2),
(411, 77, 16),
(412, 71, 54),
(413, 59, 20),
(414, 19, 83),
(415, 30, 40),
(416, 70, 52),
(417, 88, 6),
(418, 49, 22),
(419, 71, 95),
(420, 4, 86),
(421, 10, 10),
(422, 41, 66),
(423, 60, 15),
(424, 55, 71),
(425, 100, 68),
(426, 58, 72),
(427, 29, 69),
(428, 32, 12),
(429, 37, 80),
(430, 86, 86),
(431, 22, 35),
(432, 74, 19),
(433, 86, 9),
(434, 74, 87),
(435, 9, 58),
(436, 37, 41),
(437, 71, 99),
(438, 34, 55),
(439, 56, 72),
(440, 38, 8),
(441, 30, 41),
(442, 50, 71),
(443, 53, 77),
(444, 39, 25),
(445, 98, 33),
(446, 10, 3),
(447, 77, 18),
(448, 36, 5),
(449, 24, 88),
(450, 32, 95),
(451, 77, 90),
(452, 13, 28),
(453, 74, 29),
(454, 28, 52),
(455, 34, 77),
(456, 11, 64),
(457, 85, 65),
(458, 6, 40),
(459, 86, 24),
(460, 28, 23),
(461, 44, 70),
(462, 18, 48),
(463, 5, 50),
(464, 89, 7),
(465, 83, 8),
(466, 50, 64),
(467, 65, 80),
(468, 42, 58),
(469, 55, 70),
(470, 22, 98),
(471, 97, 33),
(472, 37, 67),
(473, 47, 38),
(474, 52, 72),
(475, 11, 82),
(476, 25, 85),
(477, 54, 48),
(478, 88, 32),
(479, 39, 42),
(480, 1, 49),
(481, 9, 34),
(482, 51, 86),
(483, 38, 60),
(484, 49, 4),
(485, 38, 97),
(486, 18, 66),
(487, 8, 4),
(488, 79, 24),
(489, 82, 78),
(490, 57, 10),
(491, 76, 92),
(492, 51, 10),
(493, 32, 58),
(494, 56, 15),
(495, 37, 26),
(496, 82, 8),
(497, 47, 69),
(498, 60, 55),
(499, 99, 87),
(500, 72, 56);

-- --------------------------------------------------------

--
-- Structure de la table `compte`
--

CREATE TABLE `compte` (
  `id_compte` int(11) UNSIGNED NOT NULL
) ENGINE=InnoDB DEFAULT CHARSET=utf8 COLLATE=utf8_unicode_ci;

--
-- Déchargement des données de la table `compte`
--

INSERT INTO `compte` (`id_compte`) VALUES
(1),
(2),
(3),
(4),
(5),
(6),
(7),
(8),
(9),
(10),
(11),
(12),
(13),
(14),
(15),
(16),
(17),
(18),
(19),
(20),
(21),
(22),
(23),
(24),
(25),
(26),
(27),
(28),
(29),
(30),
(31),
(32),
(33),
(34),
(35),
(36),
(37),
(38),
(39),
(40),
(41),
(42),
(43),
(44),
(45),
(46),
(47),
(48),
(49),
(50),
(51),
(52),
(53),
(54),
(55),
(56),
(57),
(58),
(59),
(60),
(61),
(62),
(63),
(64),
(65),
(66),
(67),
(68),
(69),
(70),
(71),
(72),
(73),
(74),
(75),
(76),
(77),
(78),
(79),
(80),
(81),
(82),
(83),
(84),
(85),
(86),
(87),
(88),
(89),
(90),
(91),
(92),
(93),
(94),
(95),
(96),
(97),
(98),
(99),
(100);

-- --------------------------------------------------------

--
-- Structure de la table `facture`
--

CREATE TABLE `facture` (
  `id_facture` int(11) UNSIGNED NOT NULL
) ENGINE=InnoDB DEFAULT CHARSET=utf8 COLLATE=utf8_unicode_ci;

--
-- Déchargement des données de la table `facture`
--

INSERT INTO `facture` (`id_facture`) VALUES
(1),
(2),
(3),
(4),
(5),
(6),
(7),
(8),
(9),
(10),
(11),
(12),
(13),
(14),
(15),
(16),
(17),
(18),
(19),
(20),
(21),
(22),
(23),
(24),
(25),
(26),
(27),
(28),
(29),
(30),
(31),
(32),
(33),
(34),
(35),
(36),
(37),
(38),
(39),
(40),
(41),
(42),
(43),
(44),
(45),
(46),
(47),
(48),
(49),
(50),
(51),
(52),
(53),
(54),
(55),
(56),
(57),
(58),
(59),
(60),
(61),
(62),
(63),
(64),
(65),
(66),
(67),
(68),
(69),
(70),
(71),
(72),
(73),
(74),
(75),
(76),
(77),
(78),
(79),
(80),
(81),
(82),
(83),
(84),
(85),
(86),
(87),
(88),
(89),
(90),
(91),
(92),
(93),
(94),
(95),
(96),
(97),
(98),
(99),
(100);

-- --------------------------------------------------------

--
-- Structure de la table `panier`
--

CREATE TABLE `panier` (
  `id_panier` int(11) UNSIGNED NOT NULL
) ENGINE=InnoDB DEFAULT CHARSET=utf8 COLLATE=utf8_unicode_ci;

--
-- Déchargement des données de la table `panier`
--

INSERT INTO `panier` (`id_panier`) VALUES
(1),
(2),
(3),
(4),
(5),
(6),
(7),
(8),
(9),
(10),
(11),
(12),
(13),
(14),
(15),
(16),
(17),
(18),
(19),
(20),
(21),
(22),
(23),
(24),
(25),
(26),
(27),
(28),
(29),
(30),
(31),
(32),
(33),
(34),
(35),
(36),
(37),
(38),
(39),
(40),
(41),
(42),
(43),
(44),
(45),
(46),
(47),
(48),
(49),
(50),
(51),
(52),
(53),
(54),
(55),
(56),
(57),
(58),
(59),
(60),
(61),
(62),
(63),
(64),
(65),
(66),
(67),
(68),
(69),
(70),
(71),
(72),
(73),
(74),
(75),
(76),
(77),
(78),
(79),
(80),
(81),
(82),
(83),
(84),
(85),
(86),
(87),
(88),
(89),
(90),
(91),
(92),
(93),
(94),
(95),
(96),
(97),
(98),
(99),
(100);

-- --------------------------------------------------------

--
-- Structure de la table `panier_produit`
--

CREATE TABLE `panier_produit` (
  `id_panier_produit` int(11) UNSIGNED NOT NULL,
  `fk_id_panier` int(11) UNSIGNED NOT NULL,
  `fk_id_produit` int(11) UNSIGNED NOT NULL
) ENGINE=InnoDB DEFAULT CHARSET=utf8 COLLATE=utf8_unicode_ci;

--
-- Déchargement des données de la table `panier_produit`
--

INSERT INTO `panier_produit` (`id_panier_produit`, `fk_id_panier`, `fk_id_produit`) VALUES
(1, 31, 98),
(2, 13, 38),
(3, 67, 88),
(4, 57, 76),
(5, 26, 8),
(6, 36, 19),
(7, 63, 29),
(8, 11, 65),
(9, 9, 61),
(10, 3, 93),
(11, 77, 33),
(12, 34, 58),
(13, 42, 5),
(14, 96, 80),
(15, 95, 19),
(16, 100, 20),
(17, 77, 49),
(18, 1, 83),
(19, 68, 41),
(20, 43, 73),
(21, 40, 72),
(22, 35, 10),
(23, 64, 51),
(24, 33, 58),
(25, 77, 46),
(26, 84, 79),
(27, 36, 22),
(28, 87, 95),
(29, 47, 97),
(30, 54, 36),
(31, 15, 95),
(32, 3, 34),
(33, 82, 93),
(34, 99, 45),
(35, 33, 78),
(36, 15, 85),
(37, 44, 16),
(38, 38, 46),
(39, 90, 38),
(40, 68, 26),
(41, 55, 42),
(42, 18, 32),
(43, 85, 53),
(44, 26, 63),
(45, 80, 80),
(46, 58, 10),
(47, 55, 34),
(48, 21, 81),
(49, 38, 49),
(50, 55, 48),
(51, 69, 94),
(52, 47, 71),
(53, 32, 19),
(54, 23, 85),
(55, 51, 13),
(56, 82, 66),
(57, 17, 39),
(58, 74, 1),
(59, 80, 72),
(60, 55, 59),
(61, 75, 96),
(62, 31, 49),
(63, 66, 21),
(64, 60, 49),
(65, 39, 52),
(66, 63, 66),
(67, 96, 21),
(68, 76, 92),
(69, 11, 94),
(70, 66, 33),
(71, 94, 98),
(72, 16, 71),
(73, 14, 78),
(74, 28, 82),
(75, 84, 33),
(76, 39, 11),
(77, 18, 76),
(78, 49, 85),
(79, 44, 79),
(80, 87, 22),
(81, 49, 18),
(82, 48, 23),
(83, 32, 63),
(84, 39, 58),
(85, 11, 30),
(86, 19, 31),
(87, 2, 29),
(88, 58, 72),
(89, 43, 20),
(90, 9, 64),
(91, 96, 27),
(92, 80, 43),
(93, 29, 11),
(94, 82, 43),
(95, 17, 55),
(96, 27, 12),
(97, 84, 97),
(98, 53, 63),
(99, 85, 72),
(100, 89, 96),
(101, 36, 66),
(102, 96, 73),
(103, 54, 83),
(104, 70, 37),
(105, 69, 44),
(106, 44, 82),
(107, 45, 94),
(108, 95, 100),
(109, 36, 64),
(110, 22, 20),
(111, 18, 50),
(112, 86, 34),
(113, 81, 15),
(114, 87, 13),
(115, 55, 100),
(116, 31, 33),
(117, 91, 9),
(118, 14, 29),
(119, 70, 10),
(120, 10, 22),
(121, 14, 72),
(122, 91, 34),
(123, 35, 96),
(124, 40, 30),
(125, 91, 22),
(126, 8, 95),
(127, 15, 78),
(128, 19, 65),
(129, 69, 83),
(130, 28, 19),
(131, 83, 62),
(132, 54, 35),
(133, 99, 72),
(134, 50, 94),
(135, 65, 57),
(136, 37, 93),
(137, 31, 31),
(138, 55, 75),
(139, 59, 50),
(140, 45, 89),
(141, 72, 31),
(142, 29, 82),
(143, 9, 21),
(144, 8, 94),
(145, 70, 27),
(146, 27, 98),
(147, 93, 8),
(148, 45, 12),
(149, 77, 76),
(150, 4, 34),
(151, 33, 88),
(152, 68, 49),
(153, 27, 28),
(154, 62, 37),
(155, 32, 27),
(156, 69, 49),
(157, 6, 23),
(158, 27, 1),
(159, 86, 46),
(160, 34, 98),
(161, 71, 33),
(162, 49, 81),
(163, 76, 24),
(164, 12, 24),
(165, 73, 85),
(166, 67, 98),
(167, 59, 19),
(168, 85, 63),
(169, 66, 61),
(170, 67, 81),
(171, 49, 68),
(172, 70, 14),
(173, 68, 67),
(174, 20, 37),
(175, 8, 45),
(176, 14, 82),
(177, 42, 60),
(178, 57, 47),
(179, 32, 18),
(180, 21, 67),
(181, 29, 14),
(182, 78, 46),
(183, 91, 77),
(184, 90, 23),
(185, 7, 70),
(186, 43, 24),
(187, 96, 25),
(188, 85, 73),
(189, 40, 59),
(190, 8, 65),
(191, 7, 16),
(192, 53, 26),
(193, 9, 64),
(194, 69, 27),
(195, 70, 31),
(196, 8, 55),
(197, 79, 26),
(198, 89, 11),
(199, 14, 96),
(200, 20, 47),
(201, 24, 28),
(202, 52, 13),
(203, 19, 84),
(204, 83, 35),
(205, 76, 85),
(206, 17, 79),
(207, 80, 22),
(208, 86, 52),
(209, 50, 18),
(210, 100, 42),
(211, 98, 68),
(212, 82, 87),
(213, 42, 98),
(214, 8, 93),
(215, 13, 32),
(216, 27, 65),
(217, 69, 17),
(218, 87, 90),
(219, 97, 97),
(220, 63, 18),
(221, 56, 50),
(222, 57, 91),
(223, 84, 95),
(224, 72, 83),
(225, 99, 35),
(226, 10, 27),
(227, 70, 64),
(228, 85, 2),
(229, 77, 87),
(230, 1, 91),
(231, 84, 72),
(232, 77, 66),
(233, 2, 45),
(234, 9, 28),
(235, 33, 60),
(236, 43, 72),
(237, 93, 28),
(238, 51, 52),
(239, 66, 21),
(240, 63, 86),
(241, 43, 18),
(242, 76, 78),
(243, 2, 56),
(244, 15, 6),
(245, 9, 51),
(246, 58, 21),
(247, 67, 27),
(248, 73, 8),
(249, 42, 76),
(250, 33, 60),
(251, 50, 47),
(252, 83, 36),
(253, 83, 99),
(254, 62, 64),
(255, 78, 43),
(256, 81, 53),
(257, 7, 13),
(258, 88, 34),
(259, 35, 54),
(260, 32, 72),
(261, 71, 81),
(262, 22, 13),
(263, 28, 88),
(264, 67, 67),
(265, 100, 75),
(266, 28, 57),
(267, 41, 33),
(268, 83, 37),
(269, 55, 89),
(270, 78, 25),
(271, 93, 18),
(272, 65, 87),
(273, 51, 18),
(274, 78, 66),
(275, 44, 90),
(276, 75, 50),
(277, 56, 83),
(278, 18, 10),
(279, 61, 16),
(280, 48, 5),
(281, 48, 89),
(282, 45, 82),
(283, 91, 59),
(284, 1, 92),
(285, 88, 5),
(286, 27, 12),
(287, 99, 98),
(288, 69, 56),
(289, 54, 95),
(290, 29, 22),
(291, 95, 36),
(292, 88, 5),
(293, 46, 61),
(294, 25, 16),
(295, 21, 44),
(296, 59, 47),
(297, 1, 95),
(298, 42, 58),
(299, 62, 16),
(300, 80, 32),
(301, 90, 16),
(302, 50, 73),
(303, 39, 3),
(304, 29, 81),
(305, 86, 77),
(306, 63, 28),
(307, 92, 47),
(308, 38, 19),
(309, 73, 22),
(310, 5, 13),
(311, 44, 79),
(312, 63, 5),
(313, 57, 86),
(314, 3, 99),
(315, 67, 87),
(316, 3, 73),
(317, 14, 22),
(318, 46, 94),
(319, 42, 12),
(320, 86, 96),
(321, 2, 62),
(322, 97, 40),
(323, 9, 15),
(324, 32, 17),
(325, 90, 24),
(326, 51, 46),
(327, 64, 56),
(328, 75, 83),
(329, 60, 35),
(330, 98, 63),
(331, 74, 5),
(332, 5, 75),
(333, 76, 9),
(334, 12, 94),
(335, 18, 94),
(336, 98, 81),
(337, 10, 70),
(338, 14, 53),
(339, 48, 45),
(340, 40, 49),
(341, 30, 73),
(342, 72, 15),
(343, 74, 3),
(344, 84, 31),
(345, 21, 53),
(346, 21, 47),
(347, 54, 29),
(348, 29, 47),
(349, 15, 31),
(350, 51, 78),
(351, 21, 70),
(352, 85, 62),
(353, 53, 7),
(354, 35, 72),
(355, 55, 75),
(356, 65, 45),
(357, 5, 38),
(358, 63, 36),
(359, 69, 14),
(360, 49, 24),
(361, 65, 75),
(362, 49, 61),
(363, 9, 9),
(364, 68, 13),
(365, 90, 58),
(366, 69, 16),
(367, 67, 27),
(368, 94, 9),
(369, 48, 47),
(370, 46, 62),
(371, 4, 41),
(372, 61, 84),
(373, 14, 10),
(374, 60, 99),
(375, 37, 52),
(376, 56, 56),
(377, 64, 99),
(378, 26, 94),
(379, 39, 75),
(380, 17, 48),
(381, 36, 61),
(382, 38, 19),
(383, 94, 80),
(384, 52, 35),
(385, 12, 63),
(386, 95, 5),
(387, 40, 19),
(388, 23, 47),
(389, 64, 50),
(390, 27, 58),
(391, 34, 36),
(392, 69, 6),
(393, 42, 32),
(394, 25, 18),
(395, 4, 8),
(396, 41, 61),
(397, 89, 66),
(398, 5, 53),
(399, 67, 27),
(400, 44, 33),
(401, 92, 57),
(402, 74, 97),
(403, 31, 61),
(404, 3, 56),
(405, 93, 55),
(406, 64, 97),
(407, 41, 25),
(408, 98, 21),
(409, 85, 65),
(410, 82, 2),
(411, 77, 16),
(412, 71, 54),
(413, 59, 20),
(414, 19, 83),
(415, 30, 40),
(416, 70, 52),
(417, 88, 6),
(418, 49, 22),
(419, 71, 95),
(420, 4, 86),
(421, 10, 10),
(422, 41, 66),
(423, 60, 15),
(424, 55, 71),
(425, 100, 68),
(426, 58, 72),
(427, 29, 69),
(428, 32, 12),
(429, 37, 80),
(430, 86, 86),
(431, 22, 35),
(432, 74, 19),
(433, 86, 9),
(434, 74, 87),
(435, 9, 58),
(436, 37, 41),
(437, 71, 99),
(438, 34, 55),
(439, 56, 72),
(440, 38, 8),
(441, 30, 41),
(442, 50, 71),
(443, 53, 77),
(444, 39, 25),
(445, 98, 33),
(446, 10, 3),
(447, 77, 18),
(448, 36, 5),
(449, 24, 88),
(450, 32, 95),
(451, 77, 90),
(452, 13, 28),
(453, 74, 29),
(454, 28, 52),
(455, 34, 77),
(456, 11, 64),
(457, 85, 65),
(458, 6, 40),
(459, 86, 24),
(460, 28, 23),
(461, 44, 70),
(462, 18, 48),
(463, 5, 50),
(464, 89, 7),
(465, 83, 8),
(466, 50, 64),
(467, 65, 80),
(468, 42, 58),
(469, 55, 70),
(470, 22, 98),
(471, 97, 33),
(472, 37, 67),
(473, 47, 38),
(474, 52, 72),
(475, 11, 82),
(476, 25, 85),
(477, 54, 48),
(478, 88, 32),
(479, 39, 42),
(480, 1, 49),
(481, 9, 34),
(482, 51, 86),
(483, 38, 60),
(484, 49, 4),
(485, 38, 97),
(486, 18, 66),
(487, 8, 4),
(488, 79, 24),
(489, 82, 78),
(490, 57, 10),
(491, 76, 92),
(492, 51, 10),
(493, 32, 58),
(494, 56, 15),
(495, 37, 26),
(496, 82, 8),
(497, 47, 69),
(498, 60, 55),
(499, 99, 87),
(500, 72, 56);

-- --------------------------------------------------------

--
-- Structure de la table `produit`
--

CREATE TABLE `produit` (
  `id_produit` int(11) UNSIGNED NOT NULL,
  `prix_produit` int(11) UNSIGNED NOT NULL,
  `description_produit` text COLLATE utf8_unicode_ci NOT NULL,
  `image_produit` varchar(255) COLLATE utf8_unicode_ci NOT NULL
) ENGINE=InnoDB DEFAULT CHARSET=utf8 COLLATE=utf8_unicode_ci;

--
-- Déchargement des données de la table `produit`
--

INSERT INTO `produit` (`id_produit`, `prix_produit`, `description_produit`, `image_produit`) VALUES
(1, 0, 'Quisque porta volutpat erat. Quisque erat eros, viverra eget, congue eget, semper rutrum, nulla. Nunc purus. Phasellus in felis. Donec semper sapien a libero. Nam dui. Proin leo odio, porttitor id, consequat in, consequat ut, nulla.', 'data:image/png;base64,iVBORw0KGgoAAAANSUhEUgAAABAAAAAQCAYAAAAf8/9hAAAABGdBTUEAAK/INwWK6QAAABl0RVh0U29mdHdhcmUAQWRvYmUgSW1hZ2VSZWFkeXHJZTwAAAFSSURBVDjLzdPPS8JwAAVw6Z/o0J/TqUOHKA/RIfDSP5CHyIi5DRWatrWGsh8o4kAkJoNBYJiBaebJb8xDZSbK0DQMIkKoXn+BpYTQ4V0/h8d7LgCuv'),
(2, 0, 'Nulla mollis molestie lorem. Quisque ut erat. Curabitur gravida nisi at nibh. In hac habitasse platea dictumst. Aliquam augue quam, sollicitudin vitae, consectetuer eget, rutrum at, lorem.', 'data:image/png;base64,iVBORw0KGgoAAAANSUhEUgAAABAAAAAQCAYAAAAf8/9hAAAABGdBTUEAAK/INwWK6QAAABl0RVh0U29mdHdhcmUAQWRvYmUgSW1hZ2VSZWFkeXHJZTwAAAHlSURBVBgZpcE7a1RRFIbh95yZXEaSSLwWFkFEkICKhWhhIV7AxlKsbSz9DQpa+gfsbERQsUhnEYOFFiJoYSrBO6IBY5I5c2bvtfb6jCIIYjfPU0liF'),
(3, 0, 'Nullam varius. Nulla facilisi. Cras non velit nec nisi vulputate nonummy. Maecenas tincidunt lacus at velit. Vivamus vel nulla eget eros elementum pellentesque.', 'data:image/png;base64,iVBORw0KGgoAAAANSUhEUgAAABAAAAAQCAYAAAAf8/9hAAAABGdBTUEAAK/INwWK6QAAABl0RVh0U29mdHdhcmUAQWRvYmUgSW1hZ2VSZWFkeXHJZTwAAAJ1SURBVDjLpVNdSFRBFP7u3S3Xh1U3LN0MQ5NsrcifKEMCC8wkpWCJKKGXiqAgiF4KLCiCIIKggtBCgpAI8qEkAmXVyCW13BbJWiRchWUzV4pSd9177'),
(4, 0, 'Suspendisse ornare consequat lectus. In est risus, auctor sed, tristique in, tempus sit amet, sem. Fusce consequat. Nulla nisl. Nunc nisl. Duis bibendum, felis sed interdum venenatis, turpis enim blandit mi, in porttitor pede justo eu massa. Donec dapibus.', 'data:image/png;base64,iVBORw0KGgoAAAANSUhEUgAAABAAAAAQCAYAAAAf8/9hAAAABGdBTUEAAK/INwWK6QAAABl0RVh0U29mdHdhcmUAQWRvYmUgSW1hZ2VSZWFkeXHJZTwAAAFrSURBVDjLpZO/SmNREMZ/uVxFCGy7L+AjpAgoIUW4hZjCCDZCbCQgVlY+gaDNLghibbmy2EgQTCOp8gaWYmFrpbE4Z+azuPe6UVE2ZGBgzoHz/Zk5U'),
(5, 0, 'Curabitur in libero ut massa volutpat convallis. Morbi odio odio, elementum eu, interdum eu, tincidunt in, leo. Maecenas pulvinar lobortis est. Phasellus sit amet erat. Nulla tempus. Vivamus in felis eu sapien cursus vestibulum.', 'data:image/png;base64,iVBORw0KGgoAAAANSUhEUgAAABAAAAAQCAYAAAAf8/9hAAAABGdBTUEAAK/INwWK6QAAABl0RVh0U29mdHdhcmUAQWRvYmUgSW1hZ2VSZWFkeXHJZTwAAAKtSURBVDjLpZPrT5JRHMfdetn/4evet3QrhGayZathrbwNppMU8ckFONEhoiGFeMNL4o3yBoi37lQQ89rYypaLIitTQVSUWKC9+Haeg5P5svXi+5zf7'),
(6, 0, 'In hac habitasse platea dictumst. Etiam faucibus cursus urna. Ut tellus. Nulla ut erat id mauris vulputate elementum. Nullam varius. Nulla facilisi. Cras non velit nec nisi vulputate nonummy.', 'data:image/png;base64,iVBORw0KGgoAAAANSUhEUgAAABAAAAAQCAQAAAC1+jfqAAAABGdBTUEAAK/INwWK6QAAABl0RVh0U29mdHdhcmUAQWRvYmUgSW1hZ2VSZWFkeXHJZTwAAACjSURBVCjPY/jPgB8yEKmgPKH8ffn/0n4IL3F99P+QAjQTyveX/IexIwWCz2NYUbw/7z/CYK/9GApy92cgKXDEVJC+PxFJgQWmgoT9kUgK9DEVROwPR'),
(7, 0, 'Aenean auctor gravida sem. Praesent id massa id nisl venenatis lacinia. Aenean sit amet justo. Morbi ut odio. Cras mi pede, malesuada in, imperdiet et, commodo vulputate, justo. In blandit ultrices enim. Lorem ipsum dolor sit amet, consectetuer adipiscing elit.', 'data:image/png;base64,iVBORw0KGgoAAAANSUhEUgAAABAAAAAQCAYAAAAf8/9hAAAABGdBTUEAAK/INwWK6QAAABl0RVh0U29mdHdhcmUAQWRvYmUgSW1hZ2VSZWFkeXHJZTwAAAJiSURBVDjLpZPJS5RxGMc/77wzlTM6pthuGhMSaVhBQaAdzOzQoShoAYug/oEgizoUHcJbENEhCDoFXYLo0q5tOpm26CXRcslRMffRGd93fmuHCKKNw'),
(8, 0, 'Duis mattis egestas metus. Aenean fermentum. Donec ut mauris eget massa tempor convallis. Nulla neque libero, convallis eget, eleifend luctus, ultricies eu, nibh. Quisque id justo sit amet sapien dignissim vestibulum. Vestibulum ante ipsum primis in faucibus orci luctus et ultrices posuere cubilia Curae; Nulla dapibus dolor vel est.', 'data:image/png;base64,iVBORw0KGgoAAAANSUhEUgAAABAAAAAQCAYAAAAf8/9hAAAABGdBTUEAAK/INwWK6QAAABl0RVh0U29mdHdhcmUAQWRvYmUgSW1hZ2VSZWFkeXHJZTwAAAKaSURBVDjLrZNdSFNhGMdPF15EdOO94E230kXR6sIZZl4VkRiVMdOLiqC6sMgr08hQQUqUnBFJbRqKpa6yrw2bzm162lduY2dubjvbbF/Oj+WZuu38e'),
(9, 0, 'Vivamus metus arcu, adipiscing molestie, hendrerit at, vulputate vitae, nisl. Aenean lectus. Pellentesque eget nunc. Donec quis orci eget orci vehicula condimentum. Curabitur in libero ut massa volutpat convallis. Morbi odio odio, elementum eu, interdum eu, tincidunt in, leo.', 'data:image/png;base64,iVBORw0KGgoAAAANSUhEUgAAABAAAAAQCAYAAAAf8/9hAAAABGdBTUEAAK/INwWK6QAAABl0RVh0U29mdHdhcmUAQWRvYmUgSW1hZ2VSZWFkeXHJZTwAAAKFSURBVDjLfZM7aBRhEMd/3+7t7W7OmJjnxRjDKUYNnPEJHjZqo4WIEAQhFhY+asVGsLIUbGwVRMFGfKDpRWzEqCEKIko0GlQ0MV4e5u5279sZi+AjR'),
(10, 0, 'Donec vitae nisi. Nam ultrices, libero non mattis pulvinar, nulla pede ullamcorper augue, a suscipit nulla elit ac nulla. Sed vel enim sit amet nunc viverra dapibus. Nulla suscipit ligula in lacus. Curabitur at ipsum ac tellus semper interdum. Mauris ullamcorper purus sit amet nulla.', 'data:image/png;base64,iVBORw0KGgoAAAANSUhEUgAAABAAAAAQCAYAAAAf8/9hAAAABGdBTUEAAK/INwWK6QAAABl0RVh0U29mdHdhcmUAQWRvYmUgSW1hZ2VSZWFkeXHJZTwAAALnSURBVDjLpZNbSNNxFMcN9b3opZce7CHqIagegqAgLB+NyMIMFCRBSX3wPm+Z1ZZZlhpT03ReZs7ZvKDpps7LmKa2uTbTnO7inM3L5vxvc3P+1X37z'),
(11, 0, 'Sed ante. Vivamus tortor. Duis mattis egestas metus. Aenean fermentum. Donec ut mauris eget massa tempor convallis. Nulla neque libero, convallis eget, eleifend luctus, ultricies eu, nibh.', 'data:image/png;base64,iVBORw0KGgoAAAANSUhEUgAAABAAAAAQCAYAAAAf8/9hAAAABGdBTUEAAK/INwWK6QAAABl0RVh0U29mdHdhcmUAQWRvYmUgSW1hZ2VSZWFkeXHJZTwAAAJOSURBVDjLjZPbaxNBFMarf4cFwb9AIgXBR18Enyw+i1gs4g01kphSlPjQeAtNzNqGNLVpNCGhEvBS21Rr0ZIK6ovFiKbNbXNpdpNsstncUz9nNiauE'),
(12, 0, 'In tempor, turpis nec euismod scelerisque, quam turpis adipiscing lorem, vitae mattis nibh ligula nec sem. Duis aliquam convallis nunc. Proin at turpis a pede posuere nonummy. Integer non velit. Donec diam neque, vestibulum eget, vulputate ut, ultrices vel, augue.', 'data:image/png;base64,iVBORw0KGgoAAAANSUhEUgAAABAAAAAQCAYAAAAf8/9hAAAABGdBTUEAAK/INwWK6QAAABl0RVh0U29mdHdhcmUAQWRvYmUgSW1hZ2VSZWFkeXHJZTwAAAHvSURBVDjLjZI/aFNRFMZ/Ly+GlCYlaMF/1D+4FQRJREigk7OiIAguHSwUkrkgLhVcpIurQjdBcLAITi4FETpIAw46CGIHJ0tFamlt3rvnfA7Ji2kTw'),
(13, 0, 'Nullam varius. Nulla facilisi. Cras non velit nec nisi vulputate nonummy. Maecenas tincidunt lacus at velit. Vivamus vel nulla eget eros elementum pellentesque. Quisque porta volutpat erat.', 'data:image/png;base64,iVBORw0KGgoAAAANSUhEUgAAABAAAAAQCAYAAAAf8/9hAAAABGdBTUEAAK/INwWK6QAAABl0RVh0U29mdHdhcmUAQWRvYmUgSW1hZ2VSZWFkeXHJZTwAAAHtSURBVDjLjZNLS9xQFMe138C9A/0OynyBUjeFQjduROi2MMtCEalS0ToLEdQMdEShoKDWRymKigWxII7PhaB9aBFUJjHJpHlnnvbfe27NJcVIDfwIy'),
(14, 0, 'Aliquam augue quam, sollicitudin vitae, consectetuer eget, rutrum at, lorem. Integer tincidunt ante vel ipsum. Praesent blandit lacinia erat. Vestibulum sed magna at nunc commodo placerat. Praesent blandit.', 'data:image/png;base64,iVBORw0KGgoAAAANSUhEUgAAABAAAAAQCAYAAAAf8/9hAAAABGdBTUEAAK/INwWK6QAAABl0RVh0U29mdHdhcmUAQWRvYmUgSW1hZ2VSZWFkeXHJZTwAAAG6SURBVDjLxVNNKERRFP7ue0/JiIxXyE8aq/HTSP4iG2JpYSEL0qzYWFgrG8zCVopSs5CVnZVIWbFAYuG3NGaKmCz8z9z37rvuvTN+htSUhVPfPefcz'),
(15, 0, 'Nulla tempus. Vivamus in felis eu sapien cursus vestibulum. Proin eu mi. Nulla ac enim. In tempor, turpis nec euismod scelerisque, quam turpis adipiscing lorem, vitae mattis nibh ligula nec sem. Duis aliquam convallis nunc.', 'data:image/png;base64,iVBORw0KGgoAAAANSUhEUgAAABAAAAAQCAYAAAAf8/9hAAAABGdBTUEAAK/INwWK6QAAABl0RVh0U29mdHdhcmUAQWRvYmUgSW1hZ2VSZWFkeXHJZTwAAAGrSURBVDjLvZPZLkNhFIV75zjvYm7VGFNCqoZUJ+roKUUpjRuqp61Wq0NKDMelGGqOxBSUIBKXWtWGZxAvobr8lWjChRgSF//dv9be+9trCwAI/vIE/'),
(16, 0, 'Aliquam quis turpis eget elit sodales scelerisque. Mauris sit amet eros. Suspendisse accumsan tortor quis turpis. Sed ante. Vivamus tortor.', 'data:image/png;base64,iVBORw0KGgoAAAANSUhEUgAAABAAAAAQCAYAAAAf8/9hAAAABGdBTUEAAK/INwWK6QAAABl0RVh0U29mdHdhcmUAQWRvYmUgSW1hZ2VSZWFkeXHJZTwAAALhSURBVDjLdVNLSBtRFL1vZpKYTCQdUZNUMGahJbTF0roxG7NoqXQZKG6EQrV0Z6kLF0pDDSguxO7aRejKLLW7brRgiSWKVcFgq2JDSUJsYmKi0fw0M'),
(17, 0, 'Quisque id justo sit amet sapien dignissim vestibulum. Vestibulum ante ipsum primis in faucibus orci luctus et ultrices posuere cubilia Curae; Nulla dapibus dolor vel est. Donec odio justo, sollicitudin ut, suscipit a, feugiat et, eros. Vestibulum ac est lacinia nisi venenatis tristique. Fusce congue, diam id ornare imperdiet, sapien urna pretium nisl, ut volutpat sapien arcu sed augue.', 'data:image/png;base64,iVBORw0KGgoAAAANSUhEUgAAABAAAAAQCAYAAAAf8/9hAAAABGdBTUEAAK/INwWK6QAAABl0RVh0U29mdHdhcmUAQWRvYmUgSW1hZ2VSZWFkeXHJZTwAAAJASURBVDjLhZLNa9NwGMe/WRKXpp19L6WrdVsZHgq9aBF2cFDRDi8WxJPssqMXDx4H+xuGFDz1YC+eBvUgnWDc0FqoL+CmHlylthurdWqG7bY0zUvtL'),
(18, 0, 'In eleifend quam a odio. In hac habitasse platea dictumst. Maecenas ut massa quis augue luctus tincidunt. Nulla mollis molestie lorem. Quisque ut erat. Curabitur gravida nisi at nibh. In hac habitasse platea dictumst.', 'data:image/png;base64,iVBORw0KGgoAAAANSUhEUgAAABAAAAAQCAYAAAAf8/9hAAAABGdBTUEAAK/INwWK6QAAABl0RVh0U29mdHdhcmUAQWRvYmUgSW1hZ2VSZWFkeXHJZTwAAAItSURBVDjLfVM7bBNBEH27d7alOKfYjsM3gFLjRCAgiAoFBAIhQUNJh0SLqGgpEQW2a6LQ8VGgAAqUBqWk4bAbDEgoNCALJNtJlKDzfZaZ2bNFUJI9z'),
(19, 0, 'Vestibulum ante ipsum primis in faucibus orci luctus et ultrices posuere cubilia Curae; Nulla dapibus dolor vel est. Donec odio justo, sollicitudin ut, suscipit a, feugiat et, eros. Vestibulum ac est lacinia nisi venenatis tristique. Fusce congue, diam id ornare imperdiet, sapien urna pretium nisl, ut volutpat sapien arcu sed augue. Aliquam erat volutpat. In congue. Etiam justo.', 'data:image/png;base64,iVBORw0KGgoAAAANSUhEUgAAABAAAAAQCAYAAAAf8/9hAAAABGdBTUEAAK/INwWK6QAAABl0RVh0U29mdHdhcmUAQWRvYmUgSW1hZ2VSZWFkeXHJZTwAAAKySURBVDjLjZNbSNNRHMcXuoceFHrzpQdfsjd9FOzBMimIkWUKYT5Y5gVT0ES7EIqSWq2XZROJIHTd9hBDWKhbMJssbU1D527t4q4Onbvo7pv7ds6hi'),
(20, 0, 'Duis at velit eu est congue elementum. In hac habitasse platea dictumst. Morbi vestibulum, velit id pretium iaculis, diam erat fermentum justo, nec condimentum neque sapien placerat ante. Nulla justo. Aliquam quis turpis eget elit sodales scelerisque. Mauris sit amet eros. Suspendisse accumsan tortor quis turpis.', 'data:image/png;base64,iVBORw0KGgoAAAANSUhEUgAAABAAAAAQCAYAAAAf8/9hAAAABGdBTUEAAK/INwWK6QAAABl0RVh0U29mdHdhcmUAQWRvYmUgSW1hZ2VSZWFkeXHJZTwAAAKESURBVDjLfZNLSFRRGIC/O3Pn1cyUlLXIlB6SQrXo/YSiRSQDualVUFZE1KJtrTKHIloEbQpqYUW4DipSehBIYWr00MIs0ckUR6Z8jqNz7/nPaTEqI'),
(21, 0, 'Integer pede justo, lacinia eget, tincidunt eget, tempus vel, pede. Morbi porttitor lorem id ligula. Suspendisse ornare consequat lectus. In est risus, auctor sed, tristique in, tempus sit amet, sem. Fusce consequat. Nulla nisl.', 'data:image/png;base64,iVBORw0KGgoAAAANSUhEUgAAABAAAAAQCAYAAAAf8/9hAAAABGdBTUEAAK/INwWK6QAAABl0RVh0U29mdHdhcmUAQWRvYmUgSW1hZ2VSZWFkeXHJZTwAAAL2SURBVDjLVdNNaBx1GMfx78zO7Lu765qQWIPteqiH+IKCjTmkClIVPHi0pVDSXBT0sGhLUOvJl0OL4AuVBC+CLXpoD1KqweBBWFFajOChSTU20q2h6'),
(22, 0, 'Donec posuere metus vitae ipsum. Aliquam non mauris. Morbi non lectus. Aliquam sit amet diam in magna bibendum imperdiet. Nullam orci pede, venenatis non, sodales sed, tincidunt eu, felis.', 'data:image/png;base64,iVBORw0KGgoAAAANSUhEUgAAABAAAAAQCAYAAAAf8/9hAAAABGdBTUEAAK/INwWK6QAAABl0RVh0U29mdHdhcmUAQWRvYmUgSW1hZ2VSZWFkeXHJZTwAAALKSURBVDjLbVJNSFRRFP7em+f8ZTKJOswkNTZOmpFKBaWEFDVBFC7KRdCqgiKccBFJKxe6CWwXtWhRtNCihQURRAUliEJYTeoMzOQk05D9jGTjOH/v7'),
(23, 0, 'Vestibulum quam sapien, varius ut, blandit non, interdum in, ante. Vestibulum ante ipsum primis in faucibus orci luctus et ultrices posuere cubilia Curae; Duis faucibus accumsan odio. Curabitur convallis. Duis consequat dui nec nisi volutpat eleifend. Donec ut dolor. Morbi vel lectus in quam fringilla rhoncus.', 'data:image/png;base64,iVBORw0KGgoAAAANSUhEUgAAABAAAAAQCAYAAAAf8/9hAAAABGdBTUEAAK/INwWK6QAAABl0RVh0U29mdHdhcmUAQWRvYmUgSW1hZ2VSZWFkeXHJZTwAAAKwSURBVDjLbVPPaxNBGH27m5jdaH5ZjU3SFkRiWkwt0l4qFupFEY/Bg/jj6MGLIPQigtCDf4BXLYZKK6UJSL2Ih4AGLGltTSUh1pgaJBXTEkNMY9NNd'),
(24, 0, 'Duis consequat dui nec nisi volutpat eleifend. Donec ut dolor. Morbi vel lectus in quam fringilla rhoncus. Mauris enim leo, rhoncus sed, vestibulum sit amet, cursus id, turpis. Integer aliquet, massa id lobortis convallis, tortor risus dapibus augue, vel accumsan tellus nisi eu orci.', 'data:image/png;base64,iVBORw0KGgoAAAANSUhEUgAAABAAAAAQCAYAAAAf8/9hAAAABGdBTUEAAK/INwWK6QAAABl0RVh0U29mdHdhcmUAQWRvYmUgSW1hZ2VSZWFkeXHJZTwAAALASURBVDjLjZNJTFNRGIW7ZOFON2xMiBtDHOJKgom6dYgsWKCJTRgUIkSCYYOiiURiq1ZKsEUmAYMUEgm0MrWFIHagiEALhYJCKW2lpZOU9nUejve9C'),
(25, 0, 'Etiam vel augue. Vestibulum rutrum rutrum neque. Aenean auctor gravida sem. Praesent id massa id nisl venenatis lacinia. Aenean sit amet justo.', 'data:image/png;base64,iVBORw0KGgoAAAANSUhEUgAAABAAAAAQCAYAAAAf8/9hAAAABGdBTUEAAK/INwWK6QAAABl0RVh0U29mdHdhcmUAQWRvYmUgSW1hZ2VSZWFkeXHJZTwAAAJiSURBVDjLpZNLbxJRFMf7AfwEfA5YunTDwsTuujO+YsLGxEVTV066cdGYQmaAKKZNawOVSE2qltRIW+kI0jQWOlCGh0Bb6FAYcBgYGKAc51wegrrzJ'),
(26, 0, 'Donec ut dolor. Morbi vel lectus in quam fringilla rhoncus. Mauris enim leo, rhoncus sed, vestibulum sit amet, cursus id, turpis. Integer aliquet, massa id lobortis convallis, tortor risus dapibus augue, vel accumsan tellus nisi eu orci. Mauris lacinia sapien quis libero. Nullam sit amet turpis elementum ligula vehicula consequat. Morbi a ipsum.', 'data:image/png;base64,iVBORw0KGgoAAAANSUhEUgAAABAAAAAQCAQAAAC1+jfqAAAABGdBTUEAAK/INwWK6QAAABl0RVh0U29mdHdhcmUAQWRvYmUgSW1hZ2VSZWFkeXHJZTwAAADESURBVCjPvdCxqcMwFIXhw/MDF3HgqRIErEqdOlcijSqDcZPCYE+QCTSBJsgGmeBu4AmyyFnjpnjCZcrwtx+nOFB8Dl8Ba1lllWVTzNsoSWIZQnh6c'),
(27, 0, 'Vestibulum rutrum rutrum neque. Aenean auctor gravida sem. Praesent id massa id nisl venenatis lacinia. Aenean sit amet justo. Morbi ut odio. Cras mi pede, malesuada in, imperdiet et, commodo vulputate, justo. In blandit ultrices enim.', 'data:image/png;base64,iVBORw0KGgoAAAANSUhEUgAAABAAAAAQCAYAAAAf8/9hAAAABGdBTUEAAK/INwWK6QAAABl0RVh0U29mdHdhcmUAQWRvYmUgSW1hZ2VSZWFkeXHJZTwAAAIJSURBVDjLjZNPSNNhGMc/7+/3Ww5LmRaho0AdQgWpbRUqHmohVIdBp6Cbp7DWpQi8VyRBt+jQpdNuHYLAWEEiORl0CCsbIlGH5YKFbXPE/rzv+3QYi'),
(28, 0, 'Morbi porttitor lorem id ligula. Suspendisse ornare consequat lectus. In est risus, auctor sed, tristique in, tempus sit amet, sem. Fusce consequat. Nulla nisl.', 'data:image/png;base64,iVBORw0KGgoAAAANSUhEUgAAABAAAAAQCAYAAAAf8/9hAAAABGdBTUEAAK/INwWK6QAAABl0RVh0U29mdHdhcmUAQWRvYmUgSW1hZ2VSZWFkeXHJZTwAAAIkSURBVDjLpVNNiFJRFP7eU1E0KSLTMpAwYSxyaidDtChm0WYQ3NSutv2s2kwwm2igNgMtooUQEQhhA9GqhSDTQsZZFDbNDBgVg5bSw9J8rzFF33udc'),
(29, 0, 'In hac habitasse platea dictumst. Maecenas ut massa quis augue luctus tincidunt. Nulla mollis molestie lorem. Quisque ut erat. Curabitur gravida nisi at nibh.', 'data:image/png;base64,iVBORw0KGgoAAAANSUhEUgAAABAAAAAQCAYAAAAf8/9hAAAABGdBTUEAAK/INwWK6QAAABl0RVh0U29mdHdhcmUAQWRvYmUgSW1hZ2VSZWFkeXHJZTwAAAJwSURBVDjLjZPdT1JhHMetvyO3/gfLKy+68bLV2qIAq7UyG6IrdRPL5hs2U5FR0MJIAqZlh7BVViI1kkyyiPkCyUtztQYTYbwJE8W+Pc8pjofK1dk+O'),
(30, 0, 'Duis ac nibh. Fusce lacus purus, aliquet at, feugiat non, pretium quis, lectus. Suspendisse potenti. In eleifend quam a odio. In hac habitasse platea dictumst. Maecenas ut massa quis augue luctus tincidunt. Nulla mollis molestie lorem.', 'data:image/png;base64,iVBORw0KGgoAAAANSUhEUgAAABAAAAAQCAYAAAAf8/9hAAAABGdBTUEAAK/INwWK6QAAABl0RVh0U29mdHdhcmUAQWRvYmUgSW1hZ2VSZWFkeXHJZTwAAAHwSURBVDjLpZM9a1RBFIafM/fevfcmC7uQjWEjUZKAYBHEVEb/gIWFjVVSWEj6gI0/wt8gprPQykIsTP5BQLAIhBVBzRf52Gw22bk7c8YiZslugggZp'),
(31, 0, 'Vestibulum ante ipsum primis in faucibus orci luctus et ultrices posuere cubilia Curae; Nulla dapibus dolor vel est. Donec odio justo, sollicitudin ut, suscipit a, feugiat et, eros. Vestibulum ac est lacinia nisi venenatis tristique. Fusce congue, diam id ornare imperdiet, sapien urna pretium nisl, ut volutpat sapien arcu sed augue. Aliquam erat volutpat. In congue.', 'data:image/png;base64,iVBORw0KGgoAAAANSUhEUgAAABAAAAAQCAYAAAAf8/9hAAAABGdBTUEAAK/INwWK6QAAABl0RVh0U29mdHdhcmUAQWRvYmUgSW1hZ2VSZWFkeXHJZTwAAAK2SURBVBgZBcHLjxN1AADg79eZttvddttll+WxIGrAV4QYTbxoYsSLgjc5arx68qCGf8G7J+NBEg8e9GqURDEmEiOJAWNUwIi8sryWDbSdmc60Mx2/L'),
(32, 0, 'Cras in purus eu magna vulputate luctus. Cum sociis natoque penatibus et magnis dis parturient montes, nascetur ridiculus mus. Vivamus vestibulum sagittis sapien. Cum sociis natoque penatibus et magnis dis parturient montes, nascetur ridiculus mus. Etiam vel augue. Vestibulum rutrum rutrum neque.', 'data:image/png;base64,iVBORw0KGgoAAAANSUhEUgAAABAAAAAQCAYAAAAf8/9hAAAABGdBTUEAAK/INwWK6QAAABl0RVh0U29mdHdhcmUAQWRvYmUgSW1hZ2VSZWFkeXHJZTwAAAHfSURBVDjLY/j//z8DJZhohU926XPeXuX/6tTkgL8nJvj9vzRX//69JaaSRBtwc0XA/xtLs/5/f3jy/4/Hp/+fmur0/1CT4Tpibf//5cry/z8eHv3/8'),
(33, 0, 'Cum sociis natoque penatibus et magnis dis parturient montes, nascetur ridiculus mus. Vivamus vestibulum sagittis sapien. Cum sociis natoque penatibus et magnis dis parturient montes, nascetur ridiculus mus. Etiam vel augue. Vestibulum rutrum rutrum neque. Aenean auctor gravida sem.', 'data:image/png;base64,iVBORw0KGgoAAAANSUhEUgAAABAAAAAQCAYAAAAf8/9hAAAABGdBTUEAAK/INwWK6QAAABl0RVh0U29mdHdhcmUAQWRvYmUgSW1hZ2VSZWFkeXHJZTwAAAIsSURBVDjLpVNNaBNREP42Wck2MVUilJr+YJC2KG0kViGWHsTSS0HBg+DVq+hJkIJXD714E8FePHnKpdSDf4EebEJOBq1NSbUNiCYNRmPSmHSz+/Y58'),
(34, 0, 'In eleifend quam a odio. In hac habitasse platea dictumst. Maecenas ut massa quis augue luctus tincidunt. Nulla mollis molestie lorem. Quisque ut erat.', 'data:image/png;base64,iVBORw0KGgoAAAANSUhEUgAAABAAAAAQCAYAAAAf8/9hAAAABGdBTUEAAK/INwWK6QAAABl0RVh0U29mdHdhcmUAQWRvYmUgSW1hZ2VSZWFkeXHJZTwAAAIrSURBVDjLpdNfSFNhGMdx6Q9RDoIuLAQtYVuWpZSunKQXjYIKwdBqkJkEYRhIBEFRRmVbGYNB2hTnVKaGzWFq/im0mLgyLTNjpdSFJkX/hCxYY26db'),
(35, 0, 'Vestibulum rutrum rutrum neque. Aenean auctor gravida sem. Praesent id massa id nisl venenatis lacinia. Aenean sit amet justo. Morbi ut odio. Cras mi pede, malesuada in, imperdiet et, commodo vulputate, justo.', 'data:image/png;base64,iVBORw0KGgoAAAANSUhEUgAAABAAAAAQCAYAAAAf8/9hAAAABGdBTUEAAK/INwWK6QAAABl0RVh0U29mdHdhcmUAQWRvYmUgSW1hZ2VSZWFkeXHJZTwAAAKFSURBVDjLfZM7aBRhEMd/3+7t7W7OmJjnxRjDKUYNnPEJHjZqo4WIEAQhFhY+asVGsLIUbGwVRMFGfKDpRWzEqCEKIko0GlQ0MV4e5u5279sZi+AjR'),
(36, 0, 'In hac habitasse platea dictumst. Aliquam augue quam, sollicitudin vitae, consectetuer eget, rutrum at, lorem. Integer tincidunt ante vel ipsum. Praesent blandit lacinia erat. Vestibulum sed magna at nunc commodo placerat. Praesent blandit. Nam nulla.', 'data:image/png;base64,iVBORw0KGgoAAAANSUhEUgAAABAAAAAQCAYAAAAf8/9hAAAABGdBTUEAAK/INwWK6QAAABl0RVh0U29mdHdhcmUAQWRvYmUgSW1hZ2VSZWFkeXHJZTwAAAInSURBVDjLY/j//z8DJZiBZgY4tN9wcO6+0erZd2uKc+fNfoeWGxMcW27Msiq+3GWUdIZXL/okI14D7JqvB+csf3Rv4p6X//t3Pf/fvf35/8Ilj3471'),
(37, 0, 'Quisque porta volutpat erat. Quisque erat eros, viverra eget, congue eget, semper rutrum, nulla. Nunc purus. Phasellus in felis. Donec semper sapien a libero. Nam dui.', 'data:image/png;base64,iVBORw0KGgoAAAANSUhEUgAAABAAAAAQCAYAAAAf8/9hAAAABGdBTUEAAK/INwWK6QAAABl0RVh0U29mdHdhcmUAQWRvYmUgSW1hZ2VSZWFkeXHJZTwAAAJQSURBVDjLpZM7SJUBFMd/371FVnp9VVppoaI377UwKrgVREMQ0WPIoQgKGnJxiGjJoMUSpIaguanHFkFGDUFLQ0NlpRiBg4qV1e1mJr7u/c6jIVDDx'),
(38, 0, 'Aenean auctor gravida sem. Praesent id massa id nisl venenatis lacinia. Aenean sit amet justo. Morbi ut odio. Cras mi pede, malesuada in, imperdiet et, commodo vulputate, justo.', 'data:image/png;base64,iVBORw0KGgoAAAANSUhEUgAAABAAAAAQCAYAAAAf8/9hAAAABGdBTUEAAK/INwWK6QAAABl0RVh0U29mdHdhcmUAQWRvYmUgSW1hZ2VSZWFkeXHJZTwAAALDSURBVDjLpZNLTBNRFIb/6RMqtEDBFopFXiFGIERYmKgJUXBFQly4gI1LXbghcYPiI/JYmbhxLQvC3hjjQkSL4SnvYCRUCNJCSwSq0OnMdObeud6ZB'),
(39, 0, 'Nullam sit amet turpis elementum ligula vehicula consequat. Morbi a ipsum. Integer a nibh. In quis justo. Maecenas rhoncus aliquam lacus. Morbi quis tortor id nulla ultrices aliquet.', 'data:image/png;base64,iVBORw0KGgoAAAANSUhEUgAAABAAAAAQCAYAAAAf8/9hAAAABGdBTUEAAK/INwWK6QAAABl0RVh0U29mdHdhcmUAQWRvYmUgSW1hZ2VSZWFkeXHJZTwAAAJaSURBVDjLpVPNi1JRFP89v2f8RHHGaqOCJFNuohki+oBxE7Sp1oFQLXPXbqDFUG1btOgvyIKBoFmUixSJqERIzbFJ05lRpHn6xoYcP0af+nrnlmKBq'),
(40, 0, 'Fusce congue, diam id ornare imperdiet, sapien urna pretium nisl, ut volutpat sapien arcu sed augue. Aliquam erat volutpat. In congue. Etiam justo. Etiam pretium iaculis justo. In hac habitasse platea dictumst.', 'data:image/png;base64,iVBORw0KGgoAAAANSUhEUgAAABAAAAAQCAQAAAC1+jfqAAAABGdBTUEAAK/INwWK6QAAABl0RVh0U29mdHdhcmUAQWRvYmUgSW1hZ2VSZWFkeXHJZTwAAAB3SURBVCjPY/jPgB8yDCYFh/7v/b/1/9r/i//P/N/3DYuCvV/3/j/4f8//Hf8X/m8+j0XBVom1X9YDzVjwv/lbpSJWNyyWmPl9DUhaDosb1mYvPjvzb'),
(41, 0, 'Suspendisse potenti. Nullam porttitor lacus at turpis. Donec posuere metus vitae ipsum. Aliquam non mauris. Morbi non lectus.', 'data:image/png;base64,iVBORw0KGgoAAAANSUhEUgAAABAAAAAQCAYAAAAf8/9hAAAABGdBTUEAAK/INwWK6QAAABl0RVh0U29mdHdhcmUAQWRvYmUgSW1hZ2VSZWFkeXHJZTwAAAHTSURBVDjLY/j//z8DJRhMxE8+VwjEE4D4DBD/j5989l/8pLP/4yec+Z8IpJMnn/2fOPH0//i+0+9TJp063b3uxv/uNdf/Ixsw+z+JoHPVNRQDboB4c'),
(42, 0, 'Maecenas tristique, est et tempus semper, est quam pharetra magna, ac consequat metus sapien ut nunc. Vestibulum ante ipsum primis in faucibus orci luctus et ultrices posuere cubilia Curae; Mauris viverra diam vitae quam. Suspendisse potenti. Nullam porttitor lacus at turpis. Donec posuere metus vitae ipsum. Aliquam non mauris. Morbi non lectus.', 'data:image/png;base64,iVBORw0KGgoAAAANSUhEUgAAABAAAAAQCAYAAAAf8/9hAAAABGdBTUEAAK/INwWK6QAAABl0RVh0U29mdHdhcmUAQWRvYmUgSW1hZ2VSZWFkeXHJZTwAAAJ6SURBVDjLjZNdSJNhGIa/VSQdRQcSISQeBI4R5ZrZNIO2Mj3I6CCCfinRfoR2IoJM020sp8OcoHNQassG1laNpAgdhqI2f0GoOSwTS4u22p+b29zP3'),
(43, 0, 'Duis mattis egestas metus. Aenean fermentum. Donec ut mauris eget massa tempor convallis. Nulla neque libero, convallis eget, eleifend luctus, ultricies eu, nibh. Quisque id justo sit amet sapien dignissim vestibulum. Vestibulum ante ipsum primis in faucibus orci luctus et ultrices posuere cubilia Curae; Nulla dapibus dolor vel est. Donec odio justo, sollicitudin ut, suscipit a, feugiat et, eros.', 'data:image/png;base64,iVBORw0KGgoAAAANSUhEUgAAABAAAAAQCAYAAAAf8/9hAAAABGdBTUEAAK/INwWK6QAAABl0RVh0U29mdHdhcmUAQWRvYmUgSW1hZ2VSZWFkeXHJZTwAAAGaSURBVBgZpcG9alRRGIXh99vnKIGgrbaCl5BOC2/BJgi2NmIlFoK9oI1CIJ39kInxhxReh1VKCZmfQkiVTOLs863l7GAau5DnCdtcRzx+ufPi4aON9'),
(44, 0, 'Suspendisse accumsan tortor quis turpis. Sed ante. Vivamus tortor. Duis mattis egestas metus. Aenean fermentum. Donec ut mauris eget massa tempor convallis.', 'data:image/png;base64,iVBORw0KGgoAAAANSUhEUgAAABAAAAAQCAYAAAAf8/9hAAAABGdBTUEAAK/INwWK6QAAABl0RVh0U29mdHdhcmUAQWRvYmUgSW1hZ2VSZWFkeXHJZTwAAAIrSURBVDjLjdNPSNRBFMDx764aarTaZqmb9mcXDyaF9IeS/kBCUR6kbt3MU9gxCjp1iujgpQ4eutS9SxAUS1Barm6EYnRYTEPNpaAtbXPd/f2Zea/Do'),
(45, 0, 'Morbi vestibulum, velit id pretium iaculis, diam erat fermentum justo, nec condimentum neque sapien placerat ante. Nulla justo. Aliquam quis turpis eget elit sodales scelerisque. Mauris sit amet eros. Suspendisse accumsan tortor quis turpis. Sed ante.', 'data:image/png;base64,iVBORw0KGgoAAAANSUhEUgAAABAAAAAQCAYAAAAf8/9hAAAABGdBTUEAAK/INwWK6QAAABl0RVh0U29mdHdhcmUAQWRvYmUgSW1hZ2VSZWFkeXHJZTwAAAJSSURBVDjLpZM9aBRhEIaf2c3dJZvNxT+I0cJK0SJGwcKfwvIQFUsRG9HSKkGLKGhjKZGICViJ5RkQtLSQGOxsElEIFsKJCsZ4t7ls9u/b/cZCLxqTz'),
(46, 0, 'Suspendisse potenti. In eleifend quam a odio. In hac habitasse platea dictumst. Maecenas ut massa quis augue luctus tincidunt. Nulla mollis molestie lorem. Quisque ut erat.', 'data:image/png;base64,iVBORw0KGgoAAAANSUhEUgAAABAAAAAQCAYAAAAf8/9hAAAABGdBTUEAAK/INwWK6QAAABl0RVh0U29mdHdhcmUAQWRvYmUgSW1hZ2VSZWFkeXHJZTwAAAFrSURBVDjLpZO/SmNREMZ/uVxFCGy7L+AjpAgoIUW4hZjCCDZCbCQgVlY+gaDNLghibbmy2EgQTCOp8gaWYmFrpbE4Z+azuPe6UVE2ZGBgzoHz/Zk5U'),
(47, 0, 'Duis ac nibh. Fusce lacus purus, aliquet at, feugiat non, pretium quis, lectus. Suspendisse potenti. In eleifend quam a odio. In hac habitasse platea dictumst.', 'data:image/png;base64,iVBORw0KGgoAAAANSUhEUgAAABAAAAAQCAYAAAAf8/9hAAAABGdBTUEAAK/INwWK6QAAABl0RVh0U29mdHdhcmUAQWRvYmUgSW1hZ2VSZWFkeXHJZTwAAAJ4SURBVDjLpZNdaM1xGMc//5fDZqTZ2c6Y9mIkmZelll2hlCVF3FDKlZRyQWJXmsKNCzeLcqdE5D0mL/M2s6HlJSlhs2Rv51iYOZ3z+/2ex8X/zHZJf'),
(48, 0, 'Quisque id justo sit amet sapien dignissim vestibulum. Vestibulum ante ipsum primis in faucibus orci luctus et ultrices posuere cubilia Curae; Nulla dapibus dolor vel est. Donec odio justo, sollicitudin ut, suscipit a, feugiat et, eros. Vestibulum ac est lacinia nisi venenatis tristique. Fusce congue, diam id ornare imperdiet, sapien urna pretium nisl, ut volutpat sapien arcu sed augue. Aliquam erat volutpat. In congue.', 'data:image/png;base64,iVBORw0KGgoAAAANSUhEUgAAABAAAAAQCAYAAAAf8/9hAAAABGdBTUEAAK/INwWK6QAAABl0RVh0U29mdHdhcmUAQWRvYmUgSW1hZ2VSZWFkeXHJZTwAAAIjSURBVDjLpZNNaBNBFMffJNumS61t1cRYUYwGvHgRj+pNUYmkh54UPFnEgrESaA0oloKC1UuEKmoRD6HgoSIRK1ooUhUMoYpaBWvS9IvmUCMFYbs7X'),
(49, 0, 'Curabitur convallis. Duis consequat dui nec nisi volutpat eleifend. Donec ut dolor. Morbi vel lectus in quam fringilla rhoncus. Mauris enim leo, rhoncus sed, vestibulum sit amet, cursus id, turpis. Integer aliquet, massa id lobortis convallis, tortor risus dapibus augue, vel accumsan tellus nisi eu orci. Mauris lacinia sapien quis libero.', 'data:image/png;base64,iVBORw0KGgoAAAANSUhEUgAAABAAAAAQCAYAAAAf8/9hAAAABGdBTUEAAK/INwWK6QAAABl0RVh0U29mdHdhcmUAQWRvYmUgSW1hZ2VSZWFkeXHJZTwAAAJZSURBVDjLpVJda5JhGPYH9Ac66bSdFHTydtDhIAiCiA6CEbGiL1bUTgaO9pHk1+y11ymyNT/wYypMxzanqa8Km9PJxg5EJcWBJq7OzUHIRlfP/VQyK'),
(50, 0, 'Morbi odio odio, elementum eu, interdum eu, tincidunt in, leo. Maecenas pulvinar lobortis est. Phasellus sit amet erat. Nulla tempus. Vivamus in felis eu sapien cursus vestibulum.', 'data:image/png;base64,iVBORw0KGgoAAAANSUhEUgAAABAAAAAQCAQAAAC1+jfqAAAABGdBTUEAAK/INwWK6QAAABl0RVh0U29mdHdhcmUAQWRvYmUgSW1hZ2VSZWFkeXHJZTwAAACzSURBVCjPY/jPgB8yEKmg0aHxf93/6jPlR4vP5P/I+p9yFMOEuvP7/pedKerJ7cmYnNwTOx9DQaVB9/8J/3McILyw/VjcUFA//3/a/QQBPI5MOT/7f'),
(51, 0, 'In hac habitasse platea dictumst. Etiam faucibus cursus urna. Ut tellus. Nulla ut erat id mauris vulputate elementum. Nullam varius.', 'data:image/png;base64,iVBORw0KGgoAAAANSUhEUgAAABAAAAAQCAYAAAAf8/9hAAAABGdBTUEAAK/INwWK6QAAABl0RVh0U29mdHdhcmUAQWRvYmUgSW1hZ2VSZWFkeXHJZTwAAAJBSURBVDjLpZNLSJRhFIaf/1JO3lAbZyjDbpiXRC1FFFsUtJSwhMBsFy3b2CZaRAiuWre2opDCBCtalBl5qzSjhAwkqlWljRZizuj/fee0mHKmaFF04'),
(52, 0, 'Morbi quis tortor id nulla ultrices aliquet. Maecenas leo odio, condimentum id, luctus nec, molestie sed, justo. Pellentesque viverra pede ac diam. Cras pellentesque volutpat dui. Maecenas tristique, est et tempus semper, est quam pharetra magna, ac consequat metus sapien ut nunc. Vestibulum ante ipsum primis in faucibus orci luctus et ultrices posuere cubilia Curae; Mauris viverra diam vitae quam. Suspendisse potenti.', 'data:image/png;base64,iVBORw0KGgoAAAANSUhEUgAAABAAAAAQCAYAAAAf8/9hAAAABGdBTUEAAK/INwWK6QAAABl0RVh0U29mdHdhcmUAQWRvYmUgSW1hZ2VSZWFkeXHJZTwAAAHiSURBVDjLjZNfT9NQGMbBb+C9GD+DmH0BvQIXECJKEGUmXpp4TyAQAtdotsTFxAs/AFeEhBsTjHEOZFKmMOBCuNnfzHbrunb9cx7f99SVbtkCTX5p0'),
(53, 0, 'In tempor, turpis nec euismod scelerisque, quam turpis adipiscing lorem, vitae mattis nibh ligula nec sem. Duis aliquam convallis nunc. Proin at turpis a pede posuere nonummy. Integer non velit. Donec diam neque, vestibulum eget, vulputate ut, ultrices vel, augue. Vestibulum ante ipsum primis in faucibus orci luctus et ultrices posuere cubilia Curae; Donec pharetra, magna vestibulum aliquet ultrices, erat tortor sollicitudin mi, sit amet lobortis sapien sapien non mi.', 'data:image/png;base64,iVBORw0KGgoAAAANSUhEUgAAABAAAAAQCAYAAAAf8/9hAAAABGdBTUEAAK/INwWK6QAAABl0RVh0U29mdHdhcmUAQWRvYmUgSW1hZ2VSZWFkeXHJZTwAAAKlSURBVDjLjZLdS5pxFMe9aAy2cLvbvzF2PYocddELUTd5464MISEIGRRGF4H0sBKpMMnZC9kqe/UlF+UL6upiDJ6BUSEisqHOXKY8s4Wy/O78flDQa'),
(54, 0, 'Quisque ut erat. Curabitur gravida nisi at nibh. In hac habitasse platea dictumst. Aliquam augue quam, sollicitudin vitae, consectetuer eget, rutrum at, lorem. Integer tincidunt ante vel ipsum. Praesent blandit lacinia erat.', 'data:image/png;base64,iVBORw0KGgoAAAANSUhEUgAAABAAAAAQCAYAAAAf8/9hAAAABGdBTUEAAK/INwWK6QAAABl0RVh0U29mdHdhcmUAQWRvYmUgSW1hZ2VSZWFkeXHJZTwAAAJzSURBVBgZBcFdaJVlAADg532/75zN/XSstrM1YVBUpEmtycigG4sQu7FBl0VE5GUdooiuRj/3RRdddBNE94FgFkJqehPBQLLInEMHbXZmDvd7vr/z9'),
(55, 0, 'Aenean fermentum. Donec ut mauris eget massa tempor convallis. Nulla neque libero, convallis eget, eleifend luctus, ultricies eu, nibh. Quisque id justo sit amet sapien dignissim vestibulum. Vestibulum ante ipsum primis in faucibus orci luctus et ultrices posuere cubilia Curae; Nulla dapibus dolor vel est. Donec odio justo, sollicitudin ut, suscipit a, feugiat et, eros. Vestibulum ac est lacinia nisi venenatis tristique.', 'data:image/png;base64,iVBORw0KGgoAAAANSUhEUgAAABAAAAAQCAYAAAAf8/9hAAAABGdBTUEAAK/INwWK6QAAABl0RVh0U29mdHdhcmUAQWRvYmUgSW1hZ2VSZWFkeXHJZTwAAAJHSURBVDjLfZJPa1NREMV/972ksYmx0bbUpzS1ValpKVQohgguRLuxIBRBcKMbwS/g2l026jfQpWtTcCEFN+Kii0AoSFNpQUirlFprXmybNi/v3nHxY'),
(56, 0, 'Pellentesque ultrices mattis odio. Donec vitae nisi. Nam ultrices, libero non mattis pulvinar, nulla pede ullamcorper augue, a suscipit nulla elit ac nulla. Sed vel enim sit amet nunc viverra dapibus. Nulla suscipit ligula in lacus. Curabitur at ipsum ac tellus semper interdum. Mauris ullamcorper purus sit amet nulla.', 'data:image/png;base64,iVBORw0KGgoAAAANSUhEUgAAABAAAAAQCAYAAAAf8/9hAAAABGdBTUEAAK/INwWK6QAAABl0RVh0U29mdHdhcmUAQWRvYmUgSW1hZ2VSZWFkeXHJZTwAAANjSURBVDjLbZNdTFtlAEDPd+9tKS20HS1/tbAuDNyEEMffIv5hMkW3RU2my96ci/HF6IPZgz65LEZnYnzQxFezJYtREzaJ06hkA8zGgs4hIOOnAyZda'),
(57, 0, 'Proin at turpis a pede posuere nonummy. Integer non velit. Donec diam neque, vestibulum eget, vulputate ut, ultrices vel, augue. Vestibulum ante ipsum primis in faucibus orci luctus et ultrices posuere cubilia Curae; Donec pharetra, magna vestibulum aliquet ultrices, erat tortor sollicitudin mi, sit amet lobortis sapien sapien non mi. Integer ac neque.', 'data:image/png;base64,iVBORw0KGgoAAAANSUhEUgAAABAAAAAQCAYAAAAf8/9hAAAABGdBTUEAAK/INwWK6QAAABl0RVh0U29mdHdhcmUAQWRvYmUgSW1hZ2VSZWFkeXHJZTwAAAHvSURBVBgZpcG/S9RxHMfx5+fuq10d/SJKQ+rUaLoWw60bIoIgaKhBpDksDBFbCooQiqAlURCp/gIjHIQWa4h+QDRYtFhDqOEdSqCSelbfe79f+UUEg'),
(58, 0, 'Duis at velit eu est congue elementum. In hac habitasse platea dictumst. Morbi vestibulum, velit id pretium iaculis, diam erat fermentum justo, nec condimentum neque sapien placerat ante. Nulla justo. Aliquam quis turpis eget elit sodales scelerisque. Mauris sit amet eros.', 'data:image/png;base64,iVBORw0KGgoAAAANSUhEUgAAABAAAAAQCAYAAAAf8/9hAAAABGdBTUEAAK/INwWK6QAAABl0RVh0U29mdHdhcmUAQWRvYmUgSW1hZ2VSZWFkeXHJZTwAAAKNSURBVDjLlZJfSFNxFMf3FD1kT/VSTz2l1EtE14h6SbB6Ch9CqCgYbI3F2Kabf3A6F/vncOxuNre5Ob3MK7U5mgtDZQ9uOpdzhehAmbAUfetJGIRs+'),
(59, 0, 'Aliquam quis turpis eget elit sodales scelerisque. Mauris sit amet eros. Suspendisse accumsan tortor quis turpis. Sed ante. Vivamus tortor. Duis mattis egestas metus. Aenean fermentum.', 'data:image/png;base64,iVBORw0KGgoAAAANSUhEUgAAABAAAAAQCAYAAAAf8/9hAAAABGdBTUEAAK/INwWK6QAAABl0RVh0U29mdHdhcmUAQWRvYmUgSW1hZ2VSZWFkeXHJZTwAAAG2SURBVDjLY/j//z8DJZgsTUdmCkodmSV7eO8EkQayNN8+WPry3YOV/3d2ib0nVbMsUPPrT8/3/n9+Nun/1hbxP6Rolr99sOTtZ6DmD7cLwZrXVUt5k'),
(60, 0, 'In hac habitasse platea dictumst. Morbi vestibulum, velit id pretium iaculis, diam erat fermentum justo, nec condimentum neque sapien placerat ante. Nulla justo. Aliquam quis turpis eget elit sodales scelerisque. Mauris sit amet eros. Suspendisse accumsan tortor quis turpis.', 'data:image/png;base64,iVBORw0KGgoAAAANSUhEUgAAABAAAAAQCAYAAAAf8/9hAAAABGdBTUEAAK/INwWK6QAAABl0RVh0U29mdHdhcmUAQWRvYmUgSW1hZ2VSZWFkeXHJZTwAAAIzSURBVDjLpVO7a1NRGP/dm9ubpGlMioGiLdFBHCyFtksHZ6tiQZAMEbqZwTGgkw7B3cmugoOL/0ATujadlIZchCwGWlERF5XbNOc+zsPvnNvUQmMWA'),
(61, 0, 'Aenean sit amet justo. Morbi ut odio. Cras mi pede, malesuada in, imperdiet et, commodo vulputate, justo. In blandit ultrices enim. Lorem ipsum dolor sit amet, consectetuer adipiscing elit. Proin interdum mauris non ligula pellentesque ultrices. Phasellus id sapien in sapien iaculis congue.', 'data:image/png;base64,iVBORw0KGgoAAAANSUhEUgAAABAAAAAQCAYAAAAf8/9hAAAABGdBTUEAAK/INwWK6QAAABl0RVh0U29mdHdhcmUAQWRvYmUgSW1hZ2VSZWFkeXHJZTwAAAMsSURBVDjLXZNrSBRhFIaHIIIyu1q/+hdYJBVhJUmE0EWiC0U/ukM/KroRllGR1S4UWVnZTdJMS2ujrbZSK7ruNK5rm+m6bV7WNbfc1F3d2d3ZcUxH7'),
(62, 0, 'Aenean sit amet justo. Morbi ut odio. Cras mi pede, malesuada in, imperdiet et, commodo vulputate, justo. In blandit ultrices enim. Lorem ipsum dolor sit amet, consectetuer adipiscing elit. Proin interdum mauris non ligula pellentesque ultrices.', 'data:image/png;base64,iVBORw0KGgoAAAANSUhEUgAAABAAAAAQCAYAAAAf8/9hAAAABGdBTUEAAK/INwWK6QAAABl0RVh0U29mdHdhcmUAQWRvYmUgSW1hZ2VSZWFkeXHJZTwAAAHbSURBVDjLpZM/a1RBFEfPnfciq4uChLgrWChaihBYbAxqBD+AgrGwVBDRxipgH1AMEQJpbawU9SvYCRaiEmOaBUkRDRYBwf3zZt691+K9DWuXxYELw'),
(63, 0, 'Vivamus vestibulum sagittis sapien. Cum sociis natoque penatibus et magnis dis parturient montes, nascetur ridiculus mus. Etiam vel augue. Vestibulum rutrum rutrum neque. Aenean auctor gravida sem. Praesent id massa id nisl venenatis lacinia. Aenean sit amet justo.', 'data:image/png;base64,iVBORw0KGgoAAAANSUhEUgAAABAAAAAQCAYAAAAf8/9hAAAABGdBTUEAAK/INwWK6QAAABl0RVh0U29mdHdhcmUAQWRvYmUgSW1hZ2VSZWFkeXHJZTwAAAJ+SURBVDjLfZPNTxNRFMXnX3DhxkRN48aEf8CkYaFGAy7cKImRCAv8iInGnSDGhSFEsJqoUWxABGNQ0zZFGrWRfqS1rf2ype1MC5FaytBmirWK1M7YT'),
(64, 0, 'Vestibulum rutrum rutrum neque. Aenean auctor gravida sem. Praesent id massa id nisl venenatis lacinia. Aenean sit amet justo. Morbi ut odio. Cras mi pede, malesuada in, imperdiet et, commodo vulputate, justo. In blandit ultrices enim.', 'data:image/png;base64,iVBORw0KGgoAAAANSUhEUgAAABAAAAAQCAYAAAAf8/9hAAAABGdBTUEAAK/INwWK6QAAABl0RVh0U29mdHdhcmUAQWRvYmUgSW1hZ2VSZWFkeXHJZTwAAAIJSURBVDjLpZM9SJVRGMd/532vetOswQgjSoW2gj4Gh4ZoiIKGwGi4EtQQ0VxLQhAOEW2NzUVLOQRBBioUakGT5CBiGhZe8aameLv3nPc9H0/DvX7hH'),
(65, 0, 'Sed accumsan felis. Ut at dolor quis odio consequat varius. Integer ac leo. Pellentesque ultrices mattis odio. Donec vitae nisi.', 'data:image/png;base64,iVBORw0KGgoAAAANSUhEUgAAABAAAAAQCAYAAAAf8/9hAAAABGdBTUEAAK/INwWK6QAAABl0RVh0U29mdHdhcmUAQWRvYmUgSW1hZ2VSZWFkeXHJZTwAAAEdSURBVDjLY/j//z8DJZiB6gY0rH7xpW7li3YKDHj1v2bli38lix61k2VA5fJn/9eeeP+/fcOL/wlT7/aRbEDegkf/Vxx/93/xobf/S5c8/u/ecm0eS'),
(66, 0, 'Ut at dolor quis odio consequat varius. Integer ac leo. Pellentesque ultrices mattis odio. Donec vitae nisi. Nam ultrices, libero non mattis pulvinar, nulla pede ullamcorper augue, a suscipit nulla elit ac nulla. Sed vel enim sit amet nunc viverra dapibus. Nulla suscipit ligula in lacus.', 'data:image/png;base64,iVBORw0KGgoAAAANSUhEUgAAABAAAAAQCAYAAAAf8/9hAAAABGdBTUEAAK/INwWK6QAAABl0RVh0U29mdHdhcmUAQWRvYmUgSW1hZ2VSZWFkeXHJZTwAAAJFSURBVBgZBcHda5V1AADg5/d733Oc7tjOaNs5GC6KdrEwmpPRxG7spoKghOim7oK8y0MIEQRL+geGEIQ3UXQvSJ8IafZxUbjQhRDZoU60iYsSc9t5v'),
(67, 0, 'Aliquam erat volutpat. In congue. Etiam justo. Etiam pretium iaculis justo. In hac habitasse platea dictumst.', 'data:image/png;base64,iVBORw0KGgoAAAANSUhEUgAAABAAAAAQCAYAAAAf8/9hAAAABGdBTUEAAK/INwWK6QAAABl0RVh0U29mdHdhcmUAQWRvYmUgSW1hZ2VSZWFkeXHJZTwAAAHiSURBVDjLzZPdS5NRHMf3Fwy67yYqepnzrSgJetEyl8s0GqvYEHLDFiGr4VwQZTcOpzfeVgQiCIJ4IWJUN+WNUhQqqAVjpg0c4vY8p7l89uLzfDpbV'),
(68, 0, 'Nulla neque libero, convallis eget, eleifend luctus, ultricies eu, nibh. Quisque id justo sit amet sapien dignissim vestibulum. Vestibulum ante ipsum primis in faucibus orci luctus et ultrices posuere cubilia Curae; Nulla dapibus dolor vel est. Donec odio justo, sollicitudin ut, suscipit a, feugiat et, eros. Vestibulum ac est lacinia nisi venenatis tristique.', 'data:image/png;base64,iVBORw0KGgoAAAANSUhEUgAAABAAAAAQCAYAAAAf8/9hAAAABGdBTUEAAK/INwWK6QAAABl0RVh0U29mdHdhcmUAQWRvYmUgSW1hZ2VSZWFkeXHJZTwAAAKvSURBVBgZBcG7ixx1AADg77czu5vL7Su3d5fEmHBBElBBEkvBVyqNdgYrwdbKRsm/YG8lFgoiNpYWChJBI4IPTAKSByQm5p17aOZ2ZnZ2Z2bH7wunz'),
(69, 0, 'Suspendisse potenti. Cras in purus eu magna vulputate luctus. Cum sociis natoque penatibus et magnis dis parturient montes, nascetur ridiculus mus. Vivamus vestibulum sagittis sapien. Cum sociis natoque penatibus et magnis dis parturient montes, nascetur ridiculus mus. Etiam vel augue.', 'data:image/png;base64,iVBORw0KGgoAAAANSUhEUgAAABAAAAAQCAYAAAAf8/9hAAAABGdBTUEAAK/INwWK6QAAABl0RVh0U29mdHdhcmUAQWRvYmUgSW1hZ2VSZWFkeXHJZTwAAAD4SURBVDjLxZMxTsRAFEOdaAU1ogs0XCDKkTgKdBwFcZooJRINK+UGNJtvm2I20WQzEcUWWBppUvj971hT2cY1qnGlDgAwjqMlYT4kQXJz77quKgIko'),
(70, 0, 'Vivamus vel nulla eget eros elementum pellentesque. Quisque porta volutpat erat. Quisque erat eros, viverra eget, congue eget, semper rutrum, nulla. Nunc purus. Phasellus in felis. Donec semper sapien a libero. Nam dui.', 'data:image/png;base64,iVBORw0KGgoAAAANSUhEUgAAABAAAAAQCAYAAAAf8/9hAAAABGdBTUEAAK/INwWK6QAAABl0RVh0U29mdHdhcmUAQWRvYmUgSW1hZ2VSZWFkeXHJZTwAAAJQSURBVDjLpZM7SJUBFMd/371FVnp9VVppoaI377UwKrgVREMQ0WPIoQgKGnJxiGjJoMUSpIaguanHFkFGDUFLQ0NlpRiBg4qV1e1mJr7u/c6jIVDDx'),
(71, 0, 'Duis mattis egestas metus. Aenean fermentum. Donec ut mauris eget massa tempor convallis. Nulla neque libero, convallis eget, eleifend luctus, ultricies eu, nibh. Quisque id justo sit amet sapien dignissim vestibulum.', 'data:image/png;base64,iVBORw0KGgoAAAANSUhEUgAAABAAAAAQCAQAAAC1+jfqAAAABGdBTUEAAK/INwWK6QAAABl0RVh0U29mdHdhcmUAQWRvYmUgSW1hZ2VSZWFkeXHJZTwAAAF8SURBVBgZBcFNiIwBAAbgN5etvQiJOPiuyk/YwqLk52v9NbTtarDGNpbhoCknHKgtOXxDIU60mVI4OOxVbtuchaTkoByUMpoc/NTjeSIi0irPd5q9U'),
(72, 0, 'Etiam faucibus cursus urna. Ut tellus. Nulla ut erat id mauris vulputate elementum. Nullam varius. Nulla facilisi.', 'data:image/png;base64,iVBORw0KGgoAAAANSUhEUgAAABAAAAAQCAYAAAAf8/9hAAAABGdBTUEAAK/INwWK6QAAABl0RVh0U29mdHdhcmUAQWRvYmUgSW1hZ2VSZWFkeXHJZTwAAAHSSURBVDjLpZPbSxtREMbzL4pSpYj1VilUmmpQSCKCSLAgihFTo9Eg0TRZY5LdxJgbKYo+2AstLRbU1nfxrlmTdLPJ55nZ+OCjyYGPYQ8zv/PN7DkmA'),
(73, 0, 'Vestibulum rutrum rutrum neque. Aenean auctor gravida sem. Praesent id massa id nisl venenatis lacinia. Aenean sit amet justo. Morbi ut odio. Cras mi pede, malesuada in, imperdiet et, commodo vulputate, justo. In blandit ultrices enim.', 'data:image/png;base64,iVBORw0KGgoAAAANSUhEUgAAABAAAAAQCAYAAAAf8/9hAAAABGdBTUEAAK/INwWK6QAAABl0RVh0U29mdHdhcmUAQWRvYmUgSW1hZ2VSZWFkeXHJZTwAAAHVSURBVDjLjZPLaiJBFIZNHmJWCeQdMuT1Mi/gYlARBRUkao+abHUhmhgU0QHtARVxJ0bxhvfGa07Of5Iu21yYFPyLrqrz1f+f6rIRkQ3icca6ZF39R'),
(74, 0, 'Integer ac neque. Duis bibendum. Morbi non quam nec dui luctus rutrum. Nulla tellus. In sagittis dui vel nisl.', 'data:image/png;base64,iVBORw0KGgoAAAANSUhEUgAAABAAAAAQCAYAAAAf8/9hAAAABGdBTUEAAK/INwWK6QAAABl0RVh0U29mdHdhcmUAQWRvYmUgSW1hZ2VSZWFkeXHJZTwAAAJUSURBVDjLpVPNaxNBFP8lqY1JSJOGFBtSU11BaEulUUFB7EUalB70kINCQfBv8FgNgvRUJCdPUj36FxgqKahpi18NSQXBikRbE6UfYpNtsruzO+ubT'),
(75, 0, 'Fusce lacus purus, aliquet at, feugiat non, pretium quis, lectus. Suspendisse potenti. In eleifend quam a odio. In hac habitasse platea dictumst. Maecenas ut massa quis augue luctus tincidunt.', 'data:image/png;base64,iVBORw0KGgoAAAANSUhEUgAAABAAAAAQCAYAAAAf8/9hAAAABGdBTUEAAK/INwWK6QAAABl0RVh0U29mdHdhcmUAQWRvYmUgSW1hZ2VSZWFkeXHJZTwAAAHiSURBVDjLpZPLquJAEIbPQ+Wd8gAZnTirPIGIgiLoxo2iCxeuBJGgoggq3trLwoX3a9R4QVGxpv/mJCJzOMMwDUVCur+/qv7qfBDRx//EHx/6/b7U6'),
(76, 0, 'Morbi quis tortor id nulla ultrices aliquet. Maecenas leo odio, condimentum id, luctus nec, molestie sed, justo. Pellentesque viverra pede ac diam. Cras pellentesque volutpat dui. Maecenas tristique, est et tempus semper, est quam pharetra magna, ac consequat metus sapien ut nunc. Vestibulum ante ipsum primis in faucibus orci luctus et ultrices posuere cubilia Curae; Mauris viverra diam vitae quam.', 'data:image/png;base64,iVBORw0KGgoAAAANSUhEUgAAABAAAAAQCAQAAAC1+jfqAAAABGdBTUEAAK/INwWK6QAAABl0RVh0U29mdHdhcmUAQWRvYmUgSW1hZ2VSZWFkeXHJZTwAAABbSURBVCjPzdAxDoAgEERRzsFp95JbGI2ASA2SCOX3Ahtr8tuXTDIO959bCxRfpOitWS5vA+lMJg9JbKCTTmMQ1QS3ThqVQbBBlsbgpXLYE8lHCXrqL'),
(77, 0, 'Suspendisse accumsan tortor quis turpis. Sed ante. Vivamus tortor. Duis mattis egestas metus. Aenean fermentum. Donec ut mauris eget massa tempor convallis. Nulla neque libero, convallis eget, eleifend luctus, ultricies eu, nibh.', 'data:image/png;base64,iVBORw0KGgoAAAANSUhEUgAAABAAAAAQCAYAAAAf8/9hAAAABGdBTUEAAK/INwWK6QAAABl0RVh0U29mdHdhcmUAQWRvYmUgSW1hZ2VSZWFkeXHJZTwAAAJ1SURBVDjLpVNdSFRBFP7u3S3Xh1U3LN0MQ5NsrcifKEMCC8wkpWCJKKGXiqAgiF4KLCiCIIKggtBCgpAI8qEkAmXVyCW13BbJWiRchWUzV4pSd9177'),
(78, 0, 'Cras mi pede, malesuada in, imperdiet et, commodo vulputate, justo. In blandit ultrices enim. Lorem ipsum dolor sit amet, consectetuer adipiscing elit. Proin interdum mauris non ligula pellentesque ultrices. Phasellus id sapien in sapien iaculis congue.', 'data:image/png;base64,iVBORw0KGgoAAAANSUhEUgAAABAAAAAQCAYAAAAf8/9hAAAABGdBTUEAAK/INwWK6QAAABl0RVh0U29mdHdhcmUAQWRvYmUgSW1hZ2VSZWFkeXHJZTwAAAHMSURBVDjLpZNNS1VRGIWf67HQ8MZVEtLserNIsk8JA0f1F8JZ/oRG9RNs3ESaNQscFQ5KCoIiopGhhFDgHZRgZEIRSN3PvddqcI5memZu2Ow1WQ/Pu'),
(79, 0, 'Lorem ipsum dolor sit amet, consectetuer adipiscing elit. Proin risus. Praesent lectus. Vestibulum quam sapien, varius ut, blandit non, interdum in, ante. Vestibulum ante ipsum primis in faucibus orci luctus et ultrices posuere cubilia Curae; Duis faucibus accumsan odio.', 'data:image/png;base64,iVBORw0KGgoAAAANSUhEUgAAABAAAAAQCAQAAAC1+jfqAAAABGdBTUEAAK/INwWK6QAAABl0RVh0U29mdHdhcmUAQWRvYmUgSW1hZ2VSZWFkeXHJZTwAAAE3SURBVCjPfZHNSgJhFIa/C3AldD2ugraCF2E2OdX6c0ZtQAj7nUJoUxZtKn+mwE20CoRW4/hTTukg3xUIugmCp8UMYhs5u/M+L+fwvgKxegRCCSWUc'),
(80, 0, 'Praesent blandit lacinia erat. Vestibulum sed magna at nunc commodo placerat. Praesent blandit. Nam nulla. Integer pede justo, lacinia eget, tincidunt eget, tempus vel, pede. Morbi porttitor lorem id ligula. Suspendisse ornare consequat lectus.', 'data:image/png;base64,iVBORw0KGgoAAAANSUhEUgAAABAAAAAQCAYAAAAf8/9hAAAABGdBTUEAAK/INwWK6QAAABl0RVh0U29mdHdhcmUAQWRvYmUgSW1hZ2VSZWFkeXHJZTwAAAJ0SURBVDjLjZPLa1NREIe/+0jaNE0VTRvBF1YQwRciUgpCQXwt3AhiVz66ceXSpYL4Nyi4kQiuruLGR32gVBeKithWUatUW6pR21KjJmma3HNmXFy9t'),
(81, 0, 'Maecenas rhoncus aliquam lacus. Morbi quis tortor id nulla ultrices aliquet. Maecenas leo odio, condimentum id, luctus nec, molestie sed, justo. Pellentesque viverra pede ac diam. Cras pellentesque volutpat dui.', 'data:image/png;base64,iVBORw0KGgoAAAANSUhEUgAAABAAAAAQCAYAAAAf8/9hAAAABGdBTUEAAK/INwWK6QAAABl0RVh0U29mdHdhcmUAQWRvYmUgSW1hZ2VSZWFkeXHJZTwAAAIrSURBVDjLpdNfSFNhGMdx6Q9RDoIuLAQtYVuWpZSunKQXjYIKwdBqkJkEYRhIBEFRRmVbGYNB2hTnVKaGzWFq/im0mLgyLTNjpdSFJkX/hCxYY26db'),
(82, 0, 'In tempor, turpis nec euismod scelerisque, quam turpis adipiscing lorem, vitae mattis nibh ligula nec sem. Duis aliquam convallis nunc. Proin at turpis a pede posuere nonummy. Integer non velit. Donec diam neque, vestibulum eget, vulputate ut, ultrices vel, augue. Vestibulum ante ipsum primis in faucibus orci luctus et ultrices posuere cubilia Curae; Donec pharetra, magna vestibulum aliquet ultrices, erat tortor sollicitudin mi, sit amet lobortis sapien sapien non mi.', 'data:image/png;base64,iVBORw0KGgoAAAANSUhEUgAAABAAAAAQCAYAAAAf8/9hAAAABGdBTUEAAK/INwWK6QAAABl0RVh0U29mdHdhcmUAQWRvYmUgSW1hZ2VSZWFkeXHJZTwAAAJmSURBVDjLfZPLb8xRFMc/9/ebqVHvEkaiqTJCEIkNmy4shKY2FhIkliwk4ploV00jQhNLQSz9BSxY6CBNtBWbBgsh3lrVd3U6j/v73cexmGk7Kpzkm'),
(83, 0, 'Donec dapibus. Duis at velit eu est congue elementum. In hac habitasse platea dictumst. Morbi vestibulum, velit id pretium iaculis, diam erat fermentum justo, nec condimentum neque sapien placerat ante. Nulla justo. Aliquam quis turpis eget elit sodales scelerisque.', 'data:image/png;base64,iVBORw0KGgoAAAANSUhEUgAAABAAAAAQCAQAAAC1+jfqAAAABGdBTUEAAK/INwWK6QAAABl0RVh0U29mdHdhcmUAQWRvYmUgSW1hZ2VSZWFkeXHJZTwAAAGXSURBVBgZBcHPi0xxAADwz3szfoxRGqzV7C6hVhwcJU6Ii5xxWBJFDuIitaX8FViExMVNIoe9IAeSH+vHJqsVOWBmlpmdNzPv++b5fKIcMLU5HMp2/'),
(84, 0, 'Integer tincidunt ante vel ipsum. Praesent blandit lacinia erat. Vestibulum sed magna at nunc commodo placerat. Praesent blandit. Nam nulla. Integer pede justo, lacinia eget, tincidunt eget, tempus vel, pede. Morbi porttitor lorem id ligula.', 'data:image/png;base64,iVBORw0KGgoAAAANSUhEUgAAABAAAAAQCAYAAAAf8/9hAAAABGdBTUEAAK/INwWK6QAAABl0RVh0U29mdHdhcmUAQWRvYmUgSW1hZ2VSZWFkeXHJZTwAAAIISURBVDjLlZPRT1JxFMf5E+6fwL9Ri8lsI5cSV7swL82w0SZTB6zWXOuB0cLU8HKhuAooTNrFupcAsYWjh1sRIaDgTLGXxmubD2w+9Prth29tXMWH8'),
(85, 0, 'Nam ultrices, libero non mattis pulvinar, nulla pede ullamcorper augue, a suscipit nulla elit ac nulla. Sed vel enim sit amet nunc viverra dapibus. Nulla suscipit ligula in lacus. Curabitur at ipsum ac tellus semper interdum. Mauris ullamcorper purus sit amet nulla.', 'data:image/png;base64,iVBORw0KGgoAAAANSUhEUgAAABAAAAAQCAYAAAAf8/9hAAAABGdBTUEAAK/INwWK6QAAABl0RVh0U29mdHdhcmUAQWRvYmUgSW1hZ2VSZWFkeXHJZTwAAAJOSURBVDjLpZI9T1RBFIaf3buAoBgJ8rl6QVBJVNDCShMLOhBj6T+wNUaDjY0WmpBIgYpAjL/AShJ+gVYYYRPIony5IETkQxZ2770zc2fGYpflQy2MJ'),
(86, 0, 'Nulla ac enim. In tempor, turpis nec euismod scelerisque, quam turpis adipiscing lorem, vitae mattis nibh ligula nec sem. Duis aliquam convallis nunc. Proin at turpis a pede posuere nonummy. Integer non velit. Donec diam neque, vestibulum eget, vulputate ut, ultrices vel, augue. Vestibulum ante ipsum primis in faucibus orci luctus et ultrices posuere cubilia Curae; Donec pharetra, magna vestibulum aliquet ultrices, erat tortor sollicitudin mi, sit amet lobortis sapien sapien non mi.', 'data:image/png;base64,iVBORw0KGgoAAAANSUhEUgAAABAAAAAQCAYAAAAf8/9hAAAABGdBTUEAAK/INwWK6QAAABl0RVh0U29mdHdhcmUAQWRvYmUgSW1hZ2VSZWFkeXHJZTwAAAHTSURBVDjLY/j//z8DJRhMxE8+VwjEE4D4DBD/j5989l/8pLP/4yec+Z8IpJMnn/2fOPH0//i+0+9TJp063b3uxv/uNdf/Ixsw+z+JoHPVNRQDboB4c'),
(87, 0, 'Donec odio justo, sollicitudin ut, suscipit a, feugiat et, eros. Vestibulum ac est lacinia nisi venenatis tristique. Fusce congue, diam id ornare imperdiet, sapien urna pretium nisl, ut volutpat sapien arcu sed augue. Aliquam erat volutpat. In congue.', 'data:image/png;base64,iVBORw0KGgoAAAANSUhEUgAAABAAAAAQCAYAAAAf8/9hAAAABGdBTUEAAK/INwWK6QAAABl0RVh0U29mdHdhcmUAQWRvYmUgSW1hZ2VSZWFkeXHJZTwAAAJ1SURBVBgZBcFNiJVVGADg5z3fmTujY5NZBANBIVkZ2J9IKkZFGKRuglq1KaqVtoqoVbSKFi1LoY2QEVSbcqiFWWJqPxL044wUGESQVqJOKerce7/z9'),
(88, 0, 'Etiam pretium iaculis justo. In hac habitasse platea dictumst. Etiam faucibus cursus urna. Ut tellus. Nulla ut erat id mauris vulputate elementum.', 'data:image/png;base64,iVBORw0KGgoAAAANSUhEUgAAABAAAAAQCAYAAAAf8/9hAAAABGdBTUEAAK/INwWK6QAAABl0RVh0U29mdHdhcmUAQWRvYmUgSW1hZ2VSZWFkeXHJZTwAAALnSURBVDjLpZNbSNNxFMcN9b3opZce7CHqIagegqAgLB+NyMIMFCRBSX3wPm+Z1ZZZlhpT03ReZs7ZvKDpps7LmKa2uTbTnO7inM3L5vxvc3P+1X37z'),
(89, 0, 'Maecenas tristique, est et tempus semper, est quam pharetra magna, ac consequat metus sapien ut nunc. Vestibulum ante ipsum primis in faucibus orci luctus et ultrices posuere cubilia Curae; Mauris viverra diam vitae quam. Suspendisse potenti. Nullam porttitor lacus at turpis. Donec posuere metus vitae ipsum.', 'data:image/png;base64,iVBORw0KGgoAAAANSUhEUgAAABAAAAAQCAYAAAAf8/9hAAAABGdBTUEAAK/INwWK6QAAABl0RVh0U29mdHdhcmUAQWRvYmUgSW1hZ2VSZWFkeXHJZTwAAAH0SURBVDjLxZPPS1RxFMU/7800vglR0hkNRDKHUAwpgyxSiSgwsiFqEbRIWkW47l+IYNa1aOGqoFYJYRiBkeAwYQjmj5GBHJOyVAYZR6b3Zt73e78tZ'),
(90, 0, 'Nulla tellus. In sagittis dui vel nisl. Duis ac nibh. Fusce lacus purus, aliquet at, feugiat non, pretium quis, lectus. Suspendisse potenti. In eleifend quam a odio. In hac habitasse platea dictumst.', 'data:image/png;base64,iVBORw0KGgoAAAANSUhEUgAAABAAAAAQCAYAAAAf8/9hAAAABGdBTUEAAK/INwWK6QAAABl0RVh0U29mdHdhcmUAQWRvYmUgSW1hZ2VSZWFkeXHJZTwAAAKOSURBVDjLdVNNTxphEH5YVhZFRCCNmB6UYmgIRSJJD6QcS0QTT7145NT/4KUXY4yJHjzzB/gDJl68NE0IJCbaA+GzJBQBQ1RU1ALLbmfeAqmJTjJ53'),
(91, 0, 'Vivamus vel nulla eget eros elementum pellentesque. Quisque porta volutpat erat. Quisque erat eros, viverra eget, congue eget, semper rutrum, nulla. Nunc purus. Phasellus in felis.', 'data:image/png;base64,iVBORw0KGgoAAAANSUhEUgAAABAAAAAQCAYAAAAf8/9hAAAABGdBTUEAAK/INwWK6QAAABl0RVh0U29mdHdhcmUAQWRvYmUgSW1hZ2VSZWFkeXHJZTwAAAIvSURBVDjLjZPLaxNRFIeriP+AO7Gg7nRXqo1ogoKCK0Fbig8QuxKhPop04SYLNYqlKpEmQlDBRRcFFWlBqqJYLVpbq6ktaRo0aWmamUxmJpN5ZvKoP'),
(92, 0, 'Nulla nisl. Nunc nisl. Duis bibendum, felis sed interdum venenatis, turpis enim blandit mi, in porttitor pede justo eu massa. Donec dapibus. Duis at velit eu est congue elementum. In hac habitasse platea dictumst.', 'data:image/png;base64,iVBORw0KGgoAAAANSUhEUgAAABAAAAAQCAYAAAAf8/9hAAAABGdBTUEAAK/INwWK6QAAABl0RVh0U29mdHdhcmUAQWRvYmUgSW1hZ2VSZWFkeXHJZTwAAAJZSURBVDjLjZNNaBNREMf/25Q1Lqmk2NYamo+amI+mREOhFhRS0CKKN8FT8NSeiiBIDiJYk4MXEcGTwVtI48FQouLNix48RCoh4GETqAmioTFG0qT52'),
(93, 0, 'Integer a nibh. In quis justo. Maecenas rhoncus aliquam lacus. Morbi quis tortor id nulla ultrices aliquet. Maecenas leo odio, condimentum id, luctus nec, molestie sed, justo.', 'data:image/png;base64,iVBORw0KGgoAAAANSUhEUgAAABAAAAAQCAYAAAAf8/9hAAAABGdBTUEAAK/INwWK6QAAABl0RVh0U29mdHdhcmUAQWRvYmUgSW1hZ2VSZWFkeXHJZTwAAAJMSURBVBgZpcFLiI1hGMDx//ed78yZ4RzTzGHcRpEZUpqajbsmaYpcdpRYYGEhbGwUG2VhMwslScnCwoZSChE2khW5LliImDFk3M4333nf93mfB6VsF'),
(94, 0, 'Phasellus id sapien in sapien iaculis congue. Vivamus metus arcu, adipiscing molestie, hendrerit at, vulputate vitae, nisl. Aenean lectus. Pellentesque eget nunc. Donec quis orci eget orci vehicula condimentum. Curabitur in libero ut massa volutpat convallis.', 'data:image/png;base64,iVBORw0KGgoAAAANSUhEUgAAABAAAAAQCAYAAAAf8/9hAAAABGdBTUEAAK/INwWK6QAAABl0RVh0U29mdHdhcmUAQWRvYmUgSW1hZ2VSZWFkeXHJZTwAAALtSURBVBgZTcFLaFxVAIDh/5577jwzj0wSUmqMtKIiBltbbJ1FUCxVoQu3FrHGVRU3BVcKrkTcKOhCUOtOAyJ23WIQtFawpoooZWKJpnbsNJN5PzP3P'),
(95, 0, 'Nulla ac enim. In tempor, turpis nec euismod scelerisque, quam turpis adipiscing lorem, vitae mattis nibh ligula nec sem. Duis aliquam convallis nunc. Proin at turpis a pede posuere nonummy. Integer non velit.', 'data:image/png;base64,iVBORw0KGgoAAAANSUhEUgAAABAAAAAQCAYAAAAf8/9hAAAABGdBTUEAAK/INwWK6QAAABl0RVh0U29mdHdhcmUAQWRvYmUgSW1hZ2VSZWFkeXHJZTwAAAKuSURBVDjLdZLdS1NxGMdPRZLgPxBC0pVhWHgRXhiMdlEUQUXBLhLUMnux0gxUtBeX8yXzuCVbKS5Htunmppt7cW5OXGeerZZhObVA8DIaBtoLljr89');
INSERT INTO `produit` (`id_produit`, `prix_produit`, `description_produit`, `image_produit`) VALUES
(96, 0, 'Curabitur convallis. Duis consequat dui nec nisi volutpat eleifend. Donec ut dolor. Morbi vel lectus in quam fringilla rhoncus. Mauris enim leo, rhoncus sed, vestibulum sit amet, cursus id, turpis. Integer aliquet, massa id lobortis convallis, tortor risus dapibus augue, vel accumsan tellus nisi eu orci. Mauris lacinia sapien quis libero.', 'data:image/png;base64,iVBORw0KGgoAAAANSUhEUgAAABAAAAAQCAYAAAAf8/9hAAAABGdBTUEAAK/INwWK6QAAABl0RVh0U29mdHdhcmUAQWRvYmUgSW1hZ2VSZWFkeXHJZTwAAAIxSURBVDjLlZNBiBJRGMf/r9FZc6lcjLBQdzaElI25LNWhSx0kiD1FUMEegyAqakHYS7hG7C261TEQETpEEoRgS7QDRXgQkShmrVCi1W3JUMcZRx2nN'),
(97, 0, 'Nunc rhoncus dui vel sem. Sed sagittis. Nam congue, risus semper porta volutpat, quam pede lobortis ligula, sit amet eleifend pede libero quis orci. Nullam molestie nibh in lectus. Pellentesque at nulla.', 'data:image/png;base64,iVBORw0KGgoAAAANSUhEUgAAABAAAAAQCAYAAAAf8/9hAAAABGdBTUEAAK/INwWK6QAAABl0RVh0U29mdHdhcmUAQWRvYmUgSW1hZ2VSZWFkeXHJZTwAAAJcSURBVDjLbZPfa85xFMdf36/nebbGBcLaMmtM2DybElsjQm5c+PEnoKSQCzfEnZtduLRdSJFc4UK5sEizSLtQNCYXJMXKlMeG7fv5cc5x8X02w06dz'),
(98, 0, 'Maecenas pulvinar lobortis est. Phasellus sit amet erat. Nulla tempus. Vivamus in felis eu sapien cursus vestibulum. Proin eu mi. Nulla ac enim. In tempor, turpis nec euismod scelerisque, quam turpis adipiscing lorem, vitae mattis nibh ligula nec sem.', 'data:image/png;base64,iVBORw0KGgoAAAANSUhEUgAAABAAAAAQCAYAAAAf8/9hAAAABGdBTUEAAK/INwWK6QAAABl0RVh0U29mdHdhcmUAQWRvYmUgSW1hZ2VSZWFkeXHJZTwAAAI5SURBVDjLpVM7i1pREJ7rYxXFiKjxVYhIMBhMbWGbIk0wasCsCCkD1vkR5gcEmxSpsrLIxVaQCKYQRAW1kgTxrVEUn7i+bmYO3MUlkRQ5MJwzc2e++'),
(99, 0, 'Lorem ipsum dolor sit amet, consectetuer adipiscing elit. Proin interdum mauris non ligula pellentesque ultrices. Phasellus id sapien in sapien iaculis congue. Vivamus metus arcu, adipiscing molestie, hendrerit at, vulputate vitae, nisl. Aenean lectus. Pellentesque eget nunc. Donec quis orci eget orci vehicula condimentum.', 'data:image/png;base64,iVBORw0KGgoAAAANSUhEUgAAABAAAAAQCAYAAAAf8/9hAAAABGdBTUEAAK/INwWK6QAAABl0RVh0U29mdHdhcmUAQWRvYmUgSW1hZ2VSZWFkeXHJZTwAAAJGSURBVDjLpZNLTxpRFMdd+EX8BixZ6VfxQ9imq3YzSdNVE2MNyEMYAeUNofIKEBjA8CoiM4BCgiQgaJqWtjySAc2/585iogG76eI/czN3/r9z7jnnb'),
(100, 0, 'Nunc nisl. Duis bibendum, felis sed interdum venenatis, turpis enim blandit mi, in porttitor pede justo eu massa. Donec dapibus. Duis at velit eu est congue elementum. In hac habitasse platea dictumst. Morbi vestibulum, velit id pretium iaculis, diam erat fermentum justo, nec condimentum neque sapien placerat ante.', 'data:image/png;base64,iVBORw0KGgoAAAANSUhEUgAAABAAAAAQCAYAAAAf8/9hAAAABGdBTUEAAK/INwWK6QAAABl0RVh0U29mdHdhcmUAQWRvYmUgSW1hZ2VSZWFkeXHJZTwAAAInSURBVDjLY/j//z8DJZiBZgY4tN9wcO6+0erZd2uKc+fNfoeWGxMcW27Msiq+3GWUdIZXL/okI14D7JqvB+csf3Rv4p6X//t3Pf/fvf35/8Ilj3471');

-- --------------------------------------------------------

--
-- Structure de la table `transporteur`
--

CREATE TABLE `transporteur` (
  `id_transporteur` int(11) UNSIGNED NOT NULL,
  `nom_transporteur` varchar(255) COLLATE utf8_unicode_ci NOT NULL
) ENGINE=InnoDB DEFAULT CHARSET=utf8 COLLATE=utf8_unicode_ci;

--
-- Déchargement des données de la table `transporteur`
--

INSERT INTO `transporteur` (`id_transporteur`, `nom_transporteur`) VALUES
(1, 'ups'),
(2, 'colissimo');

--
-- Index pour les tables déchargées
--

--
-- Index pour la table `categorie`
--
ALTER TABLE `categorie`
  ADD PRIMARY KEY (`id_categorie`);

--
-- Index pour la table `categorie_produit`
--
ALTER TABLE `categorie_produit`
  ADD PRIMARY KEY (`id_categorie_produit`),
  ADD KEY `fk_id_categorie` (`fk_id_categorie`),
  ADD KEY `fk_id_produit` (`fk_id_produit`);

--
-- Index pour la table `client`
--
ALTER TABLE `client`
  ADD PRIMARY KEY (`id_client`),
  ADD KEY `fk_id_compte` (`fk_id_compte`),
  ADD KEY `fk_id_panier` (`fk_id_panier`);

--
-- Index pour la table `commande`
--
ALTER TABLE `commande`
  ADD PRIMARY KEY (`id_commande`),
  ADD KEY `id_commande` (`id_commande`,`fk_id_client`),
  ADD KEY `fk_id_transporteur` (`fk_id_transporteur`),
  ADD KEY `fk_id_facture` (`fk_id_facture`),
  ADD KEY `fk_id_client` (`fk_id_client`),
  ADD KEY `fk_id_transporteur_2` (`fk_id_transporteur`),
  ADD KEY `fk_id_facture_2` (`fk_id_facture`);

--
-- Index pour la table `commande_produit`
--
ALTER TABLE `commande_produit`
  ADD PRIMARY KEY (`id_commande_produit`),
  ADD KEY `fk_id_commande` (`fk_id_commande`),
  ADD KEY `fk_id_produit` (`fk_id_produit`);

--
-- Index pour la table `compte`
--
ALTER TABLE `compte`
  ADD PRIMARY KEY (`id_compte`);

--
-- Index pour la table `panier`
--
ALTER TABLE `panier`
  ADD PRIMARY KEY (`id_panier`);

--
-- Index pour la table `panier_produit`
--
ALTER TABLE `panier_produit`
  ADD PRIMARY KEY (`id_panier_produit`),
  ADD KEY `fk_id_panier` (`fk_id_panier`),
  ADD KEY `fk_id_produit` (`fk_id_produit`);

--
-- Index pour la table `produit`
--
ALTER TABLE `produit`
  ADD PRIMARY KEY (`id_produit`);

--
-- Index pour la table `transporteur`
--
ALTER TABLE `transporteur`
  ADD PRIMARY KEY (`id_transporteur`);

--
-- AUTO_INCREMENT pour les tables déchargées
--

--
-- AUTO_INCREMENT pour la table `categorie`
--
ALTER TABLE `categorie`
  MODIFY `id_categorie` int(11) UNSIGNED NOT NULL AUTO_INCREMENT, AUTO_INCREMENT=101;

--
-- AUTO_INCREMENT pour la table `categorie_produit`
--
ALTER TABLE `categorie_produit`
  MODIFY `id_categorie_produit` int(11) UNSIGNED NOT NULL AUTO_INCREMENT, AUTO_INCREMENT=101;

--
-- AUTO_INCREMENT pour la table `client`
--
ALTER TABLE `client`
  MODIFY `id_client` int(11) UNSIGNED NOT NULL AUTO_INCREMENT, AUTO_INCREMENT=101;

--
-- AUTO_INCREMENT pour la table `commande`
--
ALTER TABLE `commande`
  MODIFY `id_commande` int(11) UNSIGNED NOT NULL AUTO_INCREMENT, AUTO_INCREMENT=101;

--
-- AUTO_INCREMENT pour la table `commande_produit`
--
ALTER TABLE `commande_produit`
  MODIFY `id_commande_produit` int(11) UNSIGNED NOT NULL AUTO_INCREMENT, AUTO_INCREMENT=501;

--
-- AUTO_INCREMENT pour la table `compte`
--
ALTER TABLE `compte`
  MODIFY `id_compte` int(11) UNSIGNED NOT NULL AUTO_INCREMENT, AUTO_INCREMENT=101;

--
-- AUTO_INCREMENT pour la table `panier`
--
ALTER TABLE `panier`
  MODIFY `id_panier` int(11) UNSIGNED NOT NULL AUTO_INCREMENT, AUTO_INCREMENT=101;

--
-- AUTO_INCREMENT pour la table `panier_produit`
--
ALTER TABLE `panier_produit`
  MODIFY `id_panier_produit` int(11) UNSIGNED NOT NULL AUTO_INCREMENT, AUTO_INCREMENT=501;

--
-- AUTO_INCREMENT pour la table `produit`
--
ALTER TABLE `produit`
  MODIFY `id_produit` int(11) UNSIGNED NOT NULL AUTO_INCREMENT, AUTO_INCREMENT=101;

--
-- AUTO_INCREMENT pour la table `transporteur`
--
ALTER TABLE `transporteur`
  MODIFY `id_transporteur` int(11) UNSIGNED NOT NULL AUTO_INCREMENT, AUTO_INCREMENT=3;

--
-- Contraintes pour les tables déchargées
--

--
-- Contraintes pour la table `client`
--
ALTER TABLE `client`
  ADD CONSTRAINT `fk_id_compte_contrainte` FOREIGN KEY (`fk_id_compte`) REFERENCES `compte` (`id_compte`) ON DELETE NO ACTION ON UPDATE NO ACTION,
  ADD CONSTRAINT `fk_id_panier_contrainte` FOREIGN KEY (`fk_id_panier`) REFERENCES `panier` (`id_panier`) ON DELETE NO ACTION ON UPDATE NO ACTION;
COMMIT;

/*!40101 SET CHARACTER_SET_CLIENT=@OLD_CHARACTER_SET_CLIENT */;
/*!40101 SET CHARACTER_SET_RESULTS=@OLD_CHARACTER_SET_RESULTS */;
/*!40101 SET COLLATION_CONNECTION=@OLD_COLLATION_CONNECTION */;
